Mab,mkennsley0@creativecommons.org,Female
Teodorico,tricca1@ft.com,Male
Vergil,vpakes2@acquirethisname.com,Male
Pam,pkarpf3@psu.edu,Female
Emlyn,ezuppa4@behance.net,Genderqueer
Ax,aslader5@jiathis.com,Male
Tersina,trackham6@tumblr.com,Female
Jens,jcaffrey7@foxnews.com,Male
Donetta,dgheorghescu8@liveinternet.ru,Female
Sal,srathmell9@so-net.ne.jp,Male
Rockey,rdarreea@omniture.com,Male
Bail,bdowntonb@pcworld.com,Male
Danette,dpaxefordc@fda.gov,Female
Julian,jyeardsleyd@oakley.com,Male
Cello,cspencleye@privacy.gov.au,Male
Ellsworth,egawnf@ted.com,Male
Linnie,lbramhallg@google.com.hk,Female
Hunter,hdelaundeh@merriam-webster.com,Male
Roderick,rdunkerleyi@people.com.cn,Male
Caryn,csellorsj@mit.edu,Female
Rock,rolochank@japanpost.jp,Male
Frazer,fdetocl@telegraph.co.uk,Male
Tremaine,trosierm@discovery.com,Male
Shirleen,sgammetn@typepad.com,Female
Mab,mgraso@ibm.com,Female
Darcy,dbilsborrowp@ucsd.edu,Male
Winston,whugninq@lycos.com,Male
Babette,brumseyr@aol.com,Non-binary
Elvira,emccahills@redcross.org,Female
Carolyne,cpretswellt@mysql.com,Female
Farra,fsoughtonu@toplist.cz,Female
Kelsi,klambolv@deliciousdays.com,Female
Orton,ojaggw@nifty.com,Male
Marya,mjoaox@dedecms.com,Female
Kenn,ksneezumy@bigcartel.com,Male
Aundrea,aengledowz@e-recht24.de,Female
Bale,bcraigs10@ftc.gov,Male
Barby,bmatschoss11@google.co.uk,Female
Cyndia,cwinborn12@ovh.net,Female
Fidelity,fmeiklem13@apple.com,Female
Zorah,zabele14@aol.com,Female
Bertha,bpacheco15@sfgate.com,Female
Caesar,crastall16@springer.com,Male
Carlos,cdibiagio17@prweb.com,Male
Janet,jhallin18@wunderground.com,Female
Meggie,mgodly19@lycos.com,Female
Maye,mshenfisch1a@angelfire.com,Genderfluid
Yule,yoshavlan1b@yellowpages.com,Male
Auguste,aboomes1c@trellian.com,Female
Georgie,glenham1d@blog.com,Male
Chery,calexandre1e@huffingtonpost.com,Female
Russ,rshepstone1f@creativecommons.org,Male
Sandor,sreignould1g@ucoz.com,Male
Ellery,enornable1h@wikipedia.org,Male
Lisha,lvarey1i@deliciousdays.com,Female
Nicolai,ngrece1j@reddit.com,Male
Jojo,jloffel1k@google.com.hk,Female
Adan,agreensitt1l@cnet.com,Male
Lanita,lettridge1m@creativecommons.org,Female
Oliy,otubby1n@comcast.net,Female
Jeannette,jrule1o@aboutads.info,Female
Marven,mgrishenkov1p@imgur.com,Male
Birgit,bjee1q@sourceforge.net,Female
Rube,rbelliard1r@jugem.jp,Male
Madalyn,mmollison1s@ebay.co.uk,Female
Veronike,vandreasen1t@artisteer.com,Female
Veronica,vlis1u@who.int,Female
Sander,ssaunt1v@craigslist.org,Male
Delly,dvalencia1w@howstuffworks.com,Female
Jonah,jbirmingham1x@mozilla.org,Male
Goldina,gbouller1y@jiathis.com,Genderqueer
Raimundo,rbolzmann1z@state.tx.us,Male
Westbrook,wnerne20@nps.gov,Male
Corney,cfrances21@statcounter.com,Male
Kimbell,kwyvill22@meetup.com,Male
Abbie,agurwood23@blinklist.com,Female
Kelsey,kmurphey24@fema.gov,Female
Toiboid,tgemson25@diigo.com,Male
Minor,mnutt26@jimdo.com,Male
Hieronymus,hgolthorpp27@scribd.com,Male
Nettie,nqualtro28@devhub.com,Female
Aryn,agomersall29@istockphoto.com,Female
Brook,byoud2a@shutterfly.com,Male
Debora,dmeasures2b@discovery.com,Female
Tiff,tfulger2c@feedburner.com,Genderfluid
Curr,cbalsom2d@businesswire.com,Male
Thedric,tmurname2e@samsung.com,Male
Benedict,babisetti2f@state.tx.us,Male
Rockey,radess2g@51.la,Male
Pearla,pisham2h@com.com,Female
Ricard,rkleinplac2i@usatoday.com,Male
Clarita,csellar2j@webmd.com,Non-binary
Julie,jmeijer2k@washingtonpost.com,Male
Chrissie,cromke2l@gnu.org,Female
Aubrey,agerrans2m@samsung.com,Female
Kaleb,kspoor2n@symantec.com,Male
Dexter,dchilds2o@t.co,Male
Agretha,arisom2p@abc.net.au,Female
Kerk,kgasker2q@nymag.com,Male
Terrijo,tobern2r@hugedomains.com,Non-binary
Lissi,lmcfater2s@friendfeed.com,Female
Gabie,gpallin2t@china.com.cn,Male
Virgina,vhast2u@facebook.com,Female
Carlynn,cassandri2v@mayoclinic.com,Female
Raynell,rghost2w@ihg.com,Female
Penny,pleiden2x@marketwatch.com,Female
Robbie,reastmond2y@clickbank.net,Male
Esta,eramage2z@go.com,Female
Yoshi,yspurrier30@qq.com,Female
Michail,mmccormack31@creativecommons.org,Male
Marylee,msharma32@cbsnews.com,Polygender
Addia,amathie33@ebay.co.uk,Female
Kahaleel,kkelley34@patch.com,Male
Worthington,wdore35@netlog.com,Male
Martie,myellowley36@who.int,Female
Tamera,tspyby37@fda.gov,Female
Jobie,jpriden38@google.nl,Female
Benedicta,bcursey39@wikimedia.org,Female
Delcina,dhulcoop3a@loc.gov,Female
Emma,ekneath3b@artisteer.com,Female
Bernelle,bsimukov3c@over-blog.com,Female
Megan,mhannam3d@elegantthemes.com,Female
Douglas,deasterby3e@dot.gov,Male
Ruthanne,rtobias3f@google.co.uk,Female
Pebrook,pflecknoe3g@marketwatch.com,Male
Reade,rhollingsbee3h@businesswire.com,Male
Muffin,mskill3i@altervista.org,Male
Stephen,stroyes3j@delicious.com,Male
Luca,lloughran3k@over-blog.com,Male
Ange,amickleburgh3l@51.la,Female
Nefen,nfishenden3m@mediafire.com,Male
Abey,alyddy3n@spiegel.de,Agender
Marybelle,mdandie3o@friendfeed.com,Female
Piggy,prannigan3p@linkedin.com,Male
Leicester,lcaplis3q@nytimes.com,Male
Gale,gwaldock3r@dailymotion.com,Male
Elmira,ewurz3s@latimes.com,Female
Vaughn,varrigucci3t@npr.org,Male
Rheba,rsheaf3u@phoca.cz,Female
Rogerio,rhecks3v@yandex.ru,Male
Terrill,tleney3w@seesaa.net,Male
Rickey,rpaulig3x@salon.com,Male
Wallis,wscarsbrick3y@cam.ac.uk,Male
Damien,dcoade3z@naver.com,Male
Crawford,cdebow40@wiley.com,Male
Ossie,ojuschke41@bravesites.com,Male
Dwain,dhagan42@cdc.gov,Male
Maribelle,mpitsall43@vistaprint.com,Bigender
Drake,dbramwich44@ocn.ne.jp,Male
Cozmo,cconing45@omniture.com,Male
Thorny,tmirrlees46@eventbrite.com,Male
Oliviero,olillecrap47@yelp.com,Male
Rowena,rgianettini48@blinklist.com,Female
Dido,dhoudmont49@lulu.com,Female
Caleb,ctreend4a@intel.com,Male
Marlo,mbenettelli4b@sbwire.com,Male
Corey,cchaff4c@tripod.com,Female
Levey,lgreensides4d@adobe.com,Male
Kenon,kschimoni4e@elegantthemes.com,Genderqueer
Devan,dphorsby4f@yolasite.com,Female
Langston,lcresser4g@google.nl,Male
Emilia,ewhiteford4h@netscape.com,Female
Joice,jludwig4i@nbcnews.com,Female
Nathaniel,nlitton4j@issuu.com,Male
Reinhold,rrizzardo4k@nature.com,Male
Vin,vvigneron4l@delicious.com,Agender
Pansy,pfrazier4m@blinklist.com,Female
Quinlan,qsibbit4n@google.co.uk,Male
Lucie,lbouette4o@geocities.com,Female
Odele,odellit4p@last.fm,Female
Anastasia,aburgis4q@bluehost.com,Agender
Maribeth,mepps4r@boston.com,Female
Husein,hloxley4s@cornell.edu,Male
Meaghan,mvenners4t@weibo.com,Genderqueer
Sheila,sjakubowski4u@posterous.com,Female
Perle,pburnapp4v@paypal.com,Female
Normy,nharrill4w@scientificamerican.com,Male
Gaynor,gmcgourty4x@whitehouse.gov,Female
Stacy,sslaight4y@sun.com,Female
Felicle,fandreutti4z@cisco.com,Female
Terese,tbeekman50@slate.com,Female
Brice,bgartrell51@ft.com,Male
Cody,cclair52@google.nl,Female
Maisey,mwickens53@columbia.edu,Female
Vaughan,vgrishagin54@marketwatch.com,Male
Waverley,wverrico55@quantcast.com,Male
Jamal,jbeswetherick56@gmpg.org,Male
Ana,astenyng57@issuu.com,Female
Claudine,cbarkly58@nsw.gov.au,Female
Dasie,dsharrocks59@360.cn,Female
Humberto,hfellow5a@about.com,Male
Elva,epea5b@mediafire.com,Female
Celestyna,cchoppen5c@pen.io,Female
Alla,adevas5d@reuters.com,Female
Baxie,bhammelberg5e@theglobeandmail.com,Non-binary
Adey,acrollman5f@goo.ne.jp,Genderqueer
Lennard,lstadding5g@xinhuanet.com,Male
Ruth,rbrands5h@springer.com,Female
Aveline,asinden5i@cafepress.com,Female
Candie,chucker5j@symantec.com,Female
Manya,mfenich5k@howstuffworks.com,Female
Romy,rmcdougald5l@themeforest.net,Female
Wilburt,wcregg5m@feedburner.com,Male
Dian,drapp5n@google.de,Female
Chrissy,cshivlin5o@tripadvisor.com,Male
Dieter,dbackler5p@answers.com,Male
Hans,hbraisher5q@sfgate.com,Male
Armstrong,apalatino5r@hibu.com,Male
Annecorinne,aredit5s@deviantart.com,Female
Corey,cbackwell5t@eventbrite.com,Female
Lorette,lfarnsworth5u@e-recht24.de,Female
Sandy,sgallienne5v@yolasite.com,Male
Barby,bmccloch5w@apache.org,Polygender
Ermin,epohlke5x@jugem.jp,Male
Winna,wkelledy5y@about.com,Female
Ernesto,evaughton5z@purevolume.com,Male
Bennie,budden60@nationalgeographic.com,Agender
Julie,jleithgoe61@cmu.edu,Female
Kim,ktaggerty62@google.nl,Male
Margaret,mkindread63@drupal.org,Female
Muhammad,mshellard64@archive.org,Male
Conrade,cjosland65@cdc.gov,Male
Humfried,hcrowdson66@tinypic.com,Male
Ivette,imerioth67@seattletimes.com,Female
Hort,hgawen68@mozilla.com,Male
Haley,hedowes69@businesswire.com,Male
Jennilee,jcattenach6a@tmall.com,Female
Jorge,jtortoise6b@mysql.com,Male
Aretha,aandrus6c@purevolume.com,Female
Benny,borwin6d@intel.com,Female
Trescha,tgehringer6e@skyrock.com,Female
Olive,ohawkins6f@flickr.com,Female
Oralee,omannie6g@wikimedia.org,Female
Jacqui,jhaseley6h@umn.edu,Female
Lindsay,lapted6i@illinois.edu,Male
Egan,emccomiskey6j@tinypic.com,Male
Taryn,tzylbermann6k@columbia.edu,Female
Gideon,gearney6l@geocities.com,Male
Cacilia,cjedraszek6m@sitemeter.com,Female
Lowe,lsaffran6n@independent.co.uk,Male
Del,dhares6o@walmart.com,Female
Zuzana,zmarty6p@nhs.uk,Female
Zacharias,zwingrove6q@phpbb.com,Male
Nicoli,nshank6r@slideshare.net,Female
Christian,ccuphus6s@hao123.com,Female
Hayward,hwarrender6t@oaic.gov.au,Male
Darryl,ddarthe6u@parallels.com,Female
Halsey,hgommey6v@whitehouse.gov,Male
Ravi,rsevern6w@tmall.com,Male
Baird,bkondratenko6x@reverbnation.com,Male
Lorelei,llidgate6y@economist.com,Female
Dorella,dcoltherd6z@sohu.com,Female
Ralph,rstapleton70@plala.or.jp,Male
Portia,plhommeau71@yale.edu,Female
Richy,rtiffany72@wunderground.com,Male
Otto,oruskin73@yellowpages.com,Male
Kristien,kdenizet74@nature.com,Female
Malchy,mceresa75@tumblr.com,Male
Novelia,nwoolpert76@freewebs.com,Female
Nealy,ndeeny77@amazon.de,Male
Cornelle,csymcox78@mysql.com,Non-binary
Renee,rfife79@ning.com,Female
Reynolds,rzylberdik7a@wikia.com,Male
Gladys,gnicely7b@nsw.gov.au,Female
Maximilian,mdallinder7c@uiuc.edu,Male
Annie,alashley7d@sphinn.com,Genderfluid
Brittaney,bfust7e@g.co,Female
Axel,agiacometti7f@sfgate.com,Male
Gris,gcruft7g@barnesandnoble.com,Male
Lebbie,ldissman7h@opera.com,Bigender
Hilario,hproffitt7i@booking.com,Male
Port,pbarette7j@nydailynews.com,Bigender
Emmit,etriggol7k@redcross.org,Male
Lelah,lleades7l@alibaba.com,Female
Milka,mspeeks7m@tinypic.com,Female
Barn,bfishburn7n@irs.gov,Genderfluid
Janenna,jmccandless7o@cloudflare.com,Female
Gilburt,ghaking7p@yellowpages.com,Male
Darda,drabbitts7q@fotki.com,Female
Addie,awingeat7r@bigcartel.com,Agender
Craggy,ckwiek7s@skyrock.com,Male
Adolphus,ablackstock7t@ox.ac.uk,Male
Waldon,wbellamy7u@sohu.com,Male
Rosalinde,rgorse7v@admin.ch,Female
Niven,nedlestone7w@goo.gl,Male
Hugo,htredger7x@comcast.net,Male
Moreen,mlyddy7y@hostgator.com,Female
Adrianna,ascullion7z@abc.net.au,Female
Linoel,lryson80@unesco.org,Male
Otis,onucator81@weather.com,Male
Mahala,mflight82@google.co.jp,Female
Carling,cborton83@chron.com,Male
Stephanus,sgouldbourn84@yandex.ru,Male
Fraser,fgoshawk85@amazon.com,Male
Marlena,mtaphouse86@imgur.com,Female
Susy,sstracey87@hostgator.com,Female
Romola,rpilfold88@ucoz.ru,Female
Leah,lashwood89@typepad.com,Female
Ceciley,cstarkey8a@bizjournals.com,Female
Diena,dmetherell8b@rakuten.co.jp,Female
Andros,arickett8c@deviantart.com,Male
Arel,adavydzenko8d@meetup.com,Male
Freeman,fnorster8e@github.com,Male
Raoul,rstapford8f@businesswire.com,Male
Rockey,rhewell8g@wiley.com,Male
Bendick,bdunstall8h@domainmarket.com,Male
Leigh,lloveridge8i@thetimes.co.uk,Male
Richie,rdohrmann8j@amazon.com,Male
Paulie,pcason8k@godaddy.com,Male
Jaine,jcadle8l@virginia.edu,Female
Tabb,twikey8m@answers.com,Male
Ernie,ecissen8n@dmoz.org,Male
Antons,amurrigans8o@timesonline.co.uk,Male
Merridie,mgaythorpe8p@stanford.edu,Female
Christan,cguillain8q@auda.org.au,Female
Tucker,tcrosio8r@mac.com,Male
Ella,epirrone8s@ehow.com,Female
Paten,pnorledge8t@loc.gov,Male
Benedetta,bwardle8u@icq.com,Female
Benton,bgallop8v@edublogs.org,Male
Wernher,wsillwood8w@google.it,Male
Carmine,corme8x@mayoclinic.com,Male
Bernard,bdesimoni8y@house.gov,Male
Alvy,astoyle8z@ustream.tv,Male
Field,fcoady90@wsj.com,Male
Rabi,rsherry91@europa.eu,Male
Gaile,gfoxall92@mapy.cz,Male
Keary,klarvin93@hp.com,Male
Kippie,krubartelli94@scribd.com,Male
Kaitlin,kboanas95@netlog.com,Female
Jerad,jkennerley96@bbc.co.uk,Male
Karmen,kpietesch97@4shared.com,Female
Claude,cgallyon98@vinaora.com,Polygender
Karlik,kdowdell99@dmoz.org,Male
Tyler,tbiggadike9a@google.it,Male
Pru,predborn9b@vkontakte.ru,Female
Monika,msabbatier9c@un.org,Female
Judah,jstemson9d@xinhuanet.com,Male
Masha,mwestoll9e@naver.com,Polygender
Lorilyn,ldammarell9f@yahoo.com,Female
Olav,olenormand9g@fda.gov,Polygender
Ibby,imagill9h@europa.eu,Polygender
Harriet,hwipper9i@vinaora.com,Genderqueer
Kristoffer,kpellingar9j@blog.com,Male
Nathanial,nsynnot9k@bloglovin.com,Male
Garik,ghugli9l@moonfruit.com,Male
Adore,atregenna9m@globo.com,Genderfluid
Benton,bmaffioletti9n@utexas.edu,Male
Tannie,temtage9o@techcrunch.com,Agender
Nicola,nmccane9p@facebook.com,Female
Daryl,dfrederick9q@hibu.com,Male
Denyse,dcuningham9r@time.com,Agender
Netta,nmacanespie9s@army.mil,Female
Clarissa,cwindham9t@globo.com,Female
Margarete,mhaitlie9u@epa.gov,Female
Dalila,dstpaul9v@cbsnews.com,Female
Rafaelita,rstickford9w@house.gov,Female
Huntington,hvause9x@cloudflare.com,Male
Meade,mbleckly9y@hhs.gov,Female
Caesar,csebborn9z@friendfeed.com,Male
Jon,jvinicka0@w3.org,Male
Dave,drivelina1@webeden.co.uk,Male
Joyan,jtrathena2@answers.com,Non-binary
Farlie,fbraybrooksa3@blogger.com,Male
Freddy,fmilnea4@mit.edu,Genderfluid
Geoff,gblaika5@cafepress.com,Male
Geoffrey,gjehua6@canalblog.com,Male
Laurie,llardeza7@un.org,Genderfluid
Garv,gfloreza8@storify.com,Male
Kerry,kgullanea9@fotki.com,Female
Arlyn,aseldneraa@dagondesign.com,Bigender
Bron,bahrendsenab@ovh.net,Non-binary
Josephine,jdoogoodac@home.pl,Female
Inigo,irozierad@biglobe.ne.jp,Male
Friederike,fgalvanae@pagesperso-orange.fr,Female
Tobie,tyukhninaf@unblog.fr,Male
Ravid,rduggonag@pinterest.com,Genderfluid
Tommie,tleybandah@unicef.org,Female
Willie,wflatherai@mapy.cz,Male
Gray,gmolyneuxaj@walmart.com,Male
Sarine,sfrickak@nytimes.com,Female
Bernete,broyal@japanpost.jp,Female
Sven,srobroseam@rambler.ru,Male
Grazia,gmarrisan@answers.com,Female
Vickie,vblanckleyao@nba.com,Female
Padraic,padnettap@jiathis.com,Male
Isa,ikratesaq@4shared.com,Male
Evelyn,eloggar@hubpages.com,Male
Eliot,egenneras@hc360.com,Male
Charla,cduboseat@spotify.com,Female
Anita,afranzewitchau@moonfruit.com,Female
Port,panstisav@alibaba.com,Male
Sammy,smanvelleaw@last.fm,Male
Karim,kchurlyax@scribd.com,Bigender
Harlen,hpischoffay@i2i.jp,Male
Alphonso,aatchesonaz@so-net.ne.jp,Male
Caddric,cjoslinb0@tiny.cc,Male
Sheelah,smccarlb1@cisco.com,Polygender
Cristin,cecclestoneb2@mayoclinic.com,Female
Fairfax,fturgooseb3@ebay.co.uk,Male
Hubie,hmorrillyb4@t-online.de,Male
Drucy,dgossageb5@elegantthemes.com,Female
Feliks,faxbyb6@bizjournals.com,Male
Jasun,jheffordb7@usa.gov,Male
Blanche,bpittendreighb8@rediff.com,Female
Otto,oakeherstb9@privacy.gov.au,Male
Hastie,hrichleyba@youku.com,Male
Sonnie,sscarboroughbb@de.vu,Female
Bryanty,bfergusonbc@princeton.edu,Male
Star,sdelphbd@google.com.au,Non-binary
Gertruda,gimbreybe@google.com,Female
Neel,nfromebf@shop-pro.jp,Male
Edee,eschimmangbg@de.vu,Female
Eleen,ebouslerbh@vimeo.com,Female
Sibeal,sbormanbi@jimdo.com,Female
Melina,mmcgiffordbj@howstuffworks.com,Female
Reeba,rmurrumbk@google.es,Female
Ardisj,ahunbl@weibo.com,Female
Gaylor,ggriggbm@last.fm,Male
Clarisse,colensbybn@shop-pro.jp,Female
Othelia,omatuszinskibo@va.gov,Genderqueer
Ransom,rmeakingbp@house.gov,Genderqueer
Leonerd,ldingleybq@mashable.com,Genderfluid
Hillard,hshemminbr@baidu.com,Male
Leon,lwrigglesworthbs@shop-pro.jp,Male
Angel,aborzonebt@ustream.tv,Female
Vale,vlyptrattbu@a8.net,Female
Talia,tmilesapbv@harvard.edu,Female
Thane,tjostanbw@paginegialle.it,Male
Nevins,nbebisbx@sohu.com,Male
Siouxie,ssteelby@qq.com,Agender
Gerard,gparminterbz@csmonitor.com,Genderqueer
Gratia,ghawesc0@kickstarter.com,Female
Jewell,jdanielianc1@nature.com,Female
Cedric,cthewlessc2@nbcnews.com,Male
Domini,ddecortc3@oracle.com,Female
Ignace,idurningc4@furl.net,Male
Abigail,acrosslandc5@drupal.org,Female
Nananne,ntevelovc6@mapquest.com,Female
Modesta,mbaldassic7@bbb.org,Female
Elysee,eagnewc8@shop-pro.jp,Female
Frannie,fstubbertc9@topsy.com,Female
Kalinda,kcoultonca@sciencedaily.com,Female
Donica,dmannevillecb@mapy.cz,Female
Shermy,spavlasekcc@sohu.com,Male
Granny,gcasacciocd@reverbnation.com,Male
Gabbie,gbrittance@nasa.gov,Male
Pooh,pbarltropcf@dagondesign.com,Male
Genna,gbartlecg@yale.edu,Female
Cosimo,cbigginsch@godaddy.com,Male
Rosalinde,rthrussellci@pcworld.com,Female
Kendell,kogradycj@independent.co.uk,Male
Leupold,lklassmannck@ask.com,Male
Hagen,hlacecl@ibm.com,Male
Chan,chartigancm@dedecms.com,Male
Dar,dmaneylawscn@google.com.au,Male
Charleen,cdalescoco@ucsd.edu,Female
Arv,acannoncp@cocolog-nifty.com,Male
Sander,sbarnewallcq@163.com,Male
Aluino,amatyasikcr@nasa.gov,Male
Tiffy,ttollercs@icio.us,Female
Mart,mburlect@macromedia.com,Male
Beltran,blebangcu@zimbio.com,Male
Niels,ndallossocv@blogs.com,Male
Aurlie,abahlscw@state.tx.us,Female
Heinrick,hrudeforthcx@unicef.org,Non-binary
Lexis,lmatuszykcy@twitpic.com,Female
Dun,dmallabycz@behance.net,Male
Sandy,sbriskerd0@issuu.com,Male
Wilton,wharsed1@jigsy.com,Male
Yank,ymacenteed2@discuz.net,Agender
Isaiah,ilacasad3@cbslocal.com,Male
Mauricio,mnoded4@jimdo.com,Male
Adler,afeversd5@umich.edu,Male
Sydney,sblakeyd6@unblog.fr,Genderqueer
Leighton,ltheodored7@tripadvisor.com,Genderfluid
Georgeanne,gpettied8@privacy.gov.au,Female
Em,egilbartd9@rediff.com,Male
Carol-jean,cogdahlda@ocn.ne.jp,Female
Humfrid,hmonetidb@ehow.com,Male
Ernest,eislesdc@theatlantic.com,Male
Stefa,smatesdd@e-recht24.de,Female
Paolo,pviegasde@myspace.com,Male
Abagail,afidaldf@ed.gov,Female
Therine,tpetkendg@mail.ru,Female
Mina,mvassalldh@php.net,Female
Pia,pdelloyddi@engadget.com,Female
Heloise,hmacgillreichdj@ucsd.edu,Female
Andrus,acolleforddk@vkontakte.ru,Male
Lamar,lperillodl@imageshack.us,Male
Xena,xwarfielddm@dell.com,Female
Matteo,mbarneydn@privacy.gov.au,Male
Donavon,dsilbydo@eventbrite.com,Male
Roanne,rbrigginshawdp@barnesandnoble.com,Female
Blair,bboogdq@oakley.com,Male
Horatius,hmazeydr@time.com,Male
Immanuel,iepinoyds@mayoclinic.com,Male
Thebault,tferrisdt@cpanel.net,Male
Dulcie,dsantoradu@blog.com,Female
Chryste,cleyburndv@bing.com,Female
Lorne,lbrittindw@4shared.com,Male
Rogerio,rvanbruggendx@yale.edu,Male
Butch,bcraneydy@gravatar.com,Male
Melitta,mlloydwilliamsdz@epa.gov,Female
Gaylord,glockyere0@harvard.edu,Male
Giffy,ggolledgee1@youtube.com,Male
Nance,nhaggishe2@artisteer.com,Female
Octavia,owoolfitte3@ftc.gov,Female
Roland,rcaudraye4@tinyurl.com,Male
Isaac,ilionele5@baidu.com,Male
Talya,thaselle6@illinois.edu,Female
Georg,gtreharnee7@dailymotion.com,Male
Merell,mbicknelle8@livejournal.com,Male
Eal,epowlese9@nymag.com,Male
Minnnie,mmcgillicuddyea@census.gov,Female
Davon,dpenbarthyeb@csmonitor.com,Male
Jonas,jkneeshawec@wordpress.com,Male
Yettie,ypendryed@foxnews.com,Female
Gwennie,gstearnsee@yelp.com,Female
Roland,rpolycoteef@abc.net.au,Polygender
Marsh,mpeteraeg@google.it,Male
Mabelle,mspellaceyeh@geocities.jp,Female
Elyn,ecroallei@e-recht24.de,Female
Dari,dsabatierej@devhub.com,Female
Fran,flarretek@comcast.net,Female
Carlie,csheldrickel@techcrunch.com,Male
Daisy,dbealem@thetimes.co.uk,Female
Floyd,fstickinsen@macromedia.com,Genderqueer
Karrah,kcapozzieo@foxnews.com,Female
Myranda,mstairmondep@cbslocal.com,Female
Gabriello,ghingeeq@xrea.com,Male
Bea,bhartshorner@squarespace.com,Female
Kara,kburres@intel.com,Female
Jon,jduffyet@vimeo.com,Male
Wallace,wtascheu@home.pl,Male
Christoforo,cclampeev@163.com,Male
Donielle,daubriew@blogs.com,Female
Martie,mdemeex@army.mil,Male
Joey,jcongreveey@google.com.au,Agender
Laurella,lwannez@networkadvertising.org,Female
Rodolphe,rullettf0@irs.gov,Male
Silvan,sturnpennyf1@google.es,Male
Emanuele,efynanf2@ftc.gov,Male
Cyndy,cpaulf3@aboutads.info,Female
Padriac,pwalthewf4@utexas.edu,Male
Merill,mdibartolommeof5@privacy.gov.au,Male
Renie,rpurchesf6@twitter.com,Female
Kirsten,kmiddlef7@acquirethisname.com,Female
Bendicty,bgrasserf8@chron.com,Non-binary
Rosalia,rfouldf9@webmd.com,Polygender
Cathie,ctimbridgefa@slate.com,Female
Harv,hcrennanfb@narod.ru,Bigender
Janie,jmohammadfc@dedecms.com,Female
Gayle,gsayesfd@unblog.fr,Female
Marnia,mcockellfe@whitehouse.gov,Female
Dael,dbredgelandff@sbwire.com,Male
Adam,aclemencefg@nyu.edu,Male
Clay,cbowdreyfh@economist.com,Male
Rog,ringlishfi@purevolume.com,Male
Veronika,vgrassifj@github.io,Female
Reine,rbreaganfk@virginia.edu,Female
Roddie,rteecefl@indiegogo.com,Male
Moreen,mmcandrewfm@fastcompany.com,Female
Sandie,sperrinsfn@alibaba.com,Female
Trudey,tkarpeevfo@github.com,Female
Regina,rtomichfp@goo.ne.jp,Female
Cleavland,cclaypolefq@godaddy.com,Male
Dmitri,ddalesiofr@fc2.com,Male
Clevie,canthonyfs@tmall.com,Male
Cecily,ctamplinft@jugem.jp,Female
Dode,dphelipeauxfu@msu.edu,Female
Dorothea,dgaydonfv@delicious.com,Bigender
Xenos,xstookefw@usa.gov,Male
Berty,bvalasekfx@hatena.ne.jp,Male
Granger,gdevoyfy@prlog.org,Male
Nadine,ndursleyfz@is.gd,Female
Leisha,ltrowbridgeg0@usda.gov,Female
Aldric,asneddong1@icq.com,Male
Marga,mspittalg2@rambler.ru,Female
Barrie,bciccottinig3@google.it,Male
Roderich,rmcenteggartg4@timesonline.co.uk,Male
Gaylene,gruttgersg5@aol.com,Female
Benita,bshipseyg6@ed.gov,Female
Ky,kbuneyg7@storify.com,Male
Delmer,dolyffg8@usa.gov,Male
Mark,mdelorenzog9@nasa.gov,Male
Bartholomeo,bjeskinga@printfriendly.com,Male
Morton,mdeboogb@vistaprint.com,Male
Ced,cschottgc@tumblr.com,Male
Eveleen,ecamolettogd@tamu.edu,Female
Aveline,akelshawge@deliciousdays.com,Female
Mickie,mleinwebergf@tamu.edu,Male
Quent,qfoundgg@ehow.com,Male
Barn,bpaffordgh@printfriendly.com,Male
Quinton,qedysongi@businessinsider.com,Male
Alexandro,ablabiegj@gnu.org,Male
Greg,gspiniellogk@a8.net,Male
Viviyan,vgittusgl@bravesites.com,Female
Erin,ecaddangm@sciencedaily.com,Female
Vally,vyurshevgn@cargocollective.com,Female
Priscella,plivezleygo@rediff.com,Female
Hy,hvarnsgp@senate.gov,Male
Ellene,esimnelgq@berkeley.edu,Female
Anny,aledwithgr@moonfruit.com,Female
Fabiano,fdodworthgs@uiuc.edu,Male
Babbie,bgurgegt@mapquest.com,Female
Doe,dspottswoodgu@blogs.com,Female
Arleta,afossettgv@phoca.cz,Female
Ailene,amarstersgw@csmonitor.com,Female
Brooke,bculrossgx@jiathis.com,Male
Reena,rmccluingy@cdc.gov,Female
Birdie,bevesquegz@acquirethisname.com,Female
Petronille,pdevilleh0@ft.com,Female
Rockie,rcurtish1@spiegel.de,Male
Celestyn,cshewonh2@washington.edu,Non-binary
Rita,riveansh3@clickbank.net,Female
Violet,vdevoyh4@fema.gov,Female
Ekaterina,eyellowleah5@imageshack.us,Female
Courtenay,cbonnetteh6@drupal.org,Female
Renaldo,rkedslieh7@psu.edu,Male
Briny,babramamovhh8@ihg.com,Female
Barton,balflath9@vistaprint.com,Male
Dulce,dmizzenha@mit.edu,Female
Frankie,fhanrahanhb@wp.com,Male
Caterina,cmeneerhc@addthis.com,Female
Carleton,coglessanehd@behance.net,Male
Standford,sfirkhe@google.com.hk,Male
Freedman,fpallenthf@cyberchimps.com,Polygender
Garreth,gbodycotehg@walmart.com,Male
Dahlia,dpeplayhh@phoca.cz,Female
Nellie,nharnimanhi@irs.gov,Female
Neville,nheckhj@imgur.com,Male
Bradly,bbrosiushk@house.gov,Male
Eyde,esproathl@guardian.co.uk,Female
Gal,gdawkinshm@4shared.com,Polygender
Dall,dwofendenhn@google.es,Male
Atlante,akrauseho@nationalgeographic.com,Female
Tressa,twattershp@businessweek.com,Female
Deedee,dberlinghq@marketwatch.com,Female
Tove,tbykhr@miitbeian.gov.cn,Female
Almire,aandrezhs@tmall.com,Female
Virgie,vlangdaleht@home.pl,Male
Rinaldo,rbonhomehu@state.tx.us,Male
Shelden,sduckworthhv@cdbaby.com,Male
Deane,dyarmouthhw@wunderground.com,Genderqueer
Ariana,amilleyhx@bandcamp.com,Female
Augustus,ahuckerbehy@bbb.org,Male
Nataline,nbruneauhz@hubpages.com,Agender
Gill,gorsii0@hibu.com,Male
Jaynell,jpattingsoni1@unesco.org,Female
Staffard,scloyi2@trellian.com,Male
Percival,pleakei3@npr.org,Male
Mycah,mdumphyi4@discovery.com,Male
Nerti,njobini5@hubpages.com,Female
Jandy,joertzeni6@tripod.com,Female
Milissent,mhounsomi7@canalblog.com,Female
Dyan,dblaschkei8@paypal.com,Female
Justin,jwherryi9@imgur.com,Male
Roberto,rearpeia@tuttocitta.it,Male
Cristian,cwoolertonib@wp.com,Male
Flossi,fhampsteadic@wordpress.org,Female
Nefen,npailinid@blogs.com,Male
Eveline,esymcoxie@pagesperso-orange.fr,Female
Tobin,tedgeworthif@spiegel.de,Male
Petronilla,pbewshawig@e-recht24.de,Female
Cchaddie,ccarlsonih@bloglovin.com,Male
Cesya,ckirkbrightii@ox.ac.uk,Female
Berry,blammimanij@google.it,Female
Hakeem,hskedgeik@senate.gov,Male
Cesaro,cclassenil@who.int,Male
Lesley,ldimitrijevicim@shutterfly.com,Male
Miquela,mroddenin@etsy.com,Female
Viviene,vemsonio@mapy.cz,Female
Millard,mgibbiesonip@jugem.jp,Male
Martino,mlefwichiq@wiley.com,Male
Jodie,jdorreir@va.gov,Male
Siouxie,smacclureis@free.fr,Non-binary
Peri,psirlit@blogger.com,Female
Amelie,avamplusiu@sogou.com,Female
Munroe,mhutchinsiv@webs.com,Male
Fredelia,fdarcyiw@xing.com,Female
Ketty,kshentonix@cdbaby.com,Female
Sheff,sverralliy@desdev.cn,Male
Daloris,ddanieleiz@salon.com,Female
Vlad,vhuckj0@bluehost.com,Male
Pier,pchavrinj1@usnews.com,Bigender
Fern,fraratyj2@simplemachines.org,Polygender
Waneta,wkobpalj3@opensource.org,Female
Elvin,ewykeyj4@tamu.edu,Male
Meriel,mcaudelierj5@yolasite.com,Female
Morris,mfidockj6@altervista.org,Male
Mathias,mreggioj7@gizmodo.com,Male
Harv,hmallockj8@canalblog.com,Male
Andree,asporlej9@apple.com,Female
Ethel,edyottja@adobe.com,Polygender
Conni,cattriejb@home.pl,Female
Rochella,rbeinjc@chronoengine.com,Female
Wilma,wbeateyjd@zimbio.com,Female
Normie,nmackeigje@indiatimes.com,Male
Klara,khosbyjf@ning.com,Female
Jamesy,jmityushkinjg@gizmodo.com,Male
Milty,mveltmannjh@bbc.co.uk,Male
Josepha,jgiorgiji@technorati.com,Female
Delano,dbeasleyjj@google.pl,Male
Ruthi,rcollingejk@google.ru,Polygender
Peggi,pvinnicombejl@godaddy.com,Female
Guy,gaschjm@bandcamp.com,Bigender
Beret,btailbyjn@vinaora.com,Female
Bryon,bbillisonjo@ibm.com,Male
Corbin,cneildjp@hp.com,Male
Maureen,mbertomierjq@mit.edu,Polygender
Kissie,kmeeksjr@google.co.uk,Female
Richardo,rruckledgejs@mozilla.org,Male
Estella,evilejt@comcast.net,Female
Rosalie,rasburyju@ed.gov,Female
Gusty,gtummondjv@seesaa.net,Female
Melisandra,mguitejw@samsung.com,Female
Hodge,hpovahjx@hubpages.com,Male
Alon,allorentejy@home.pl,Male
Rici,rlyokhinjz@youtube.com,Female
Shem,ssturmeyk0@upenn.edu,Male
Shaun,sghelardonik1@tripod.com,Male
Aldus,areddelk2@gov.uk,Male
Lauren,lyellowleek3@meetup.com,Male
Kendricks,kcrosoerk4@geocities.jp,Male
Lianna,ldenerleyk5@geocities.jp,Female
Reese,rstanylandk6@timesonline.co.uk,Male
Trix,tgarretsonk7@noaa.gov,Female
Lindy,ltommisk8@go.com,Male
Odele,oramagek9@stumbleupon.com,Female
Allyn,abilsonka@dedecms.com,Female
Thibaut,tantyshevkb@123-reg.co.uk,Male
Zaccaria,zscarffkc@dedecms.com,Polygender
Mallissa,mmuriskd@buzzfeed.com,Female
Dewain,dhounihanke@weibo.com,Male
Lona,lmenierkf@macromedia.com,Female
Hynda,hbuncomkg@themeforest.net,Female
Olenka,oalsfordkh@goodreads.com,Female
Celia,ccatherineki@ucsd.edu,Female
Yevette,ymetzingkj@zimbio.com,Female
Sinclare,semtagekk@house.gov,Male
Saidee,svanarsdallkl@huffingtonpost.com,Female
Clarabelle,cbigganskm@illinois.edu,Female
Farley,fmobiuskn@shutterfly.com,Male
Hughie,helcumko@ebay.com,Male
Rachele,rstormskp@earthlink.net,Female
Leonora,lyurlovkq@live.com,Female
Deanna,dphilipeaukr@amazon.co.uk,Female
Cassondra,ckinlochks@mapy.cz,Female
Kingston,krandalstonkt@clickbank.net,Male
Hamlin,hellissenku@globo.com,Male
Rey,rouletkv@yandex.ru,Male
Roxana,rreadiekw@redcross.org,Female
Kingston,kpicotkx@oaic.gov.au,Male
Dieter,dgianninottiky@lycos.com,Male
Maiga,marieskz@drupal.org,Genderfluid
Livvy,lferyl0@sina.com.cn,Female
Yetty,yrayerl1@eepurl.com,Female
Beilul,bstigelll2@simplemachines.org,Female
Rock,rhattaml3@cbslocal.com,Male
Hurley,hmccomasl4@t.co,Male
Diego,ddussyl5@elegantthemes.com,Male
Laure,llindenmanl6@ning.com,Genderqueer
Ignace,imayol7@shareasale.com,Male
Teddie,treamesl8@lycos.com,Genderfluid
Sydel,speatmanl9@dmoz.org,Female
Maxie,mthoringtonla@indiegogo.com,Male
Xever,xcooksonlb@parallels.com,Non-binary
Forster,fcapellc@cnet.com,Male
Catie,cdenyaginld@quantcast.com,Female
Lucille,lgeakele@canalblog.com,Female
Chalmers,crobenslf@de.vu,Male
Andrei,avonoertzenlg@miitbeian.gov.cn,Female
Man,mivanenkovlh@liveinternet.ru,Male
Brandea,bkayesli@yolasite.com,Female
Jaymie,jmunginlj@unicef.org,Genderqueer
Maurise,mdoubledaylk@illinois.edu,Male
Lezley,ltomall@phpbb.com,Male
Halli,hdewberrylm@dot.gov,Female
Raynard,rpaulonln@privacy.gov.au,Male
Skip,scostelo@taobao.com,Male
Jeanette,junionlp@ihg.com,Female
Jarret,jpenkethlq@hugedomains.com,Genderqueer
Becka,baleksashinlr@opera.com,Female
Alisun,aduredenls@photobucket.com,Female
Hastings,hsnaddenlt@123-reg.co.uk,Male
Kin,kheggielu@slashdot.org,Male
Judy,jhargreavelv@earthlink.net,Female
Janaye,jbrawleylw@cmu.edu,Female
Sully,smellinglx@jugem.jp,Male
Weylin,wmartensenly@github.io,Male
Chickie,cornilloslz@cam.ac.uk,Female
Alexandros,aivakhnovm0@go.com,Male
Brooks,bhaingem1@google.com,Agender
Eward,emcconvillem2@nba.com,Male
Arlen,aellinghamm3@businessweek.com,Female
Grayce,gbroadstockm4@economist.com,Female
Rowney,rkitcherm5@youtu.be,Male
Culley,csivierm6@yelp.com,Male
Otis,oivachyovm7@reddit.com,Male
Neron,nwallegem8@engadget.com,Male
Kary,knotonm9@biglobe.ne.jp,Female
Kristo,khuyghema@admin.ch,Male
Sula,scurzonmb@prweb.com,Female
Katharine,kcoburnmc@youtu.be,Female
Isaiah,ikennedymd@hud.gov,Male
Iver,ihavelinme@opera.com,Male
Kenneth,kpoweleemf@cafepress.com,Male
Eadie,ecamplejohnmg@addtoany.com,Female
Netti,nemlenmh@japanpost.jp,Female
Robinson,rgatheralmi@mozilla.com,Male
Lorettalorna,lheminsleymj@instagram.com,Female
Daveta,dhueymk@wisc.edu,Female
Klara,kgreghml@csmonitor.com,Female
Lizzie,lwoodcraftmm@rediff.com,Female
Nissy,nepplemn@theglobeandmail.com,Female
Oby,opiersemo@odnoklassniki.ru,Genderqueer
Enrica,eethelstonmp@wisc.edu,Female
Marji,mironsidemq@elpais.com,Female
Quill,qbrigstockmr@utexas.edu,Male
Kimmie,khentzems@senate.gov,Female
Marquita,mdabornemt@irs.gov,Female
Andriana,aizkovitzmu@prlog.org,Female
Jayme,jbransonmv@flavors.me,Female
Anderson,adickinmw@theglobeandmail.com,Male
Tades,tanfreymx@latimes.com,Male
Fonzie,fvogelermy@latimes.com,Male
Adriaens,aclapsonmz@mit.edu,Female
Burgess,bsellarsn0@google.es,Male
Clareta,cgabbottsn1@sogou.com,Female
Annice,agozzardn2@fotki.com,Female
Malissia,mtansilln3@huffingtonpost.com,Female
Ephrayim,ewallerbridgen4@shareasale.com,Male
Shannon,sroneyn5@ustream.tv,Female
Aili,ahuygensn6@vistaprint.com,Non-binary
Karleen,kgusticken7@cnbc.com,Female
Camala,ctuxilln8@tinyurl.com,Female
Shaylyn,swigmoren9@noaa.gov,Female
Thacher,twathellna@ustream.tv,Male
Sherwood,shurrennb@nba.com,Male
Nina,nmetschkenc@cisco.com,Female
Robena,rdyetnd@dagondesign.com,Female
Auberon,akellarne@lulu.com,Male
Arie,abarkhousenf@sitemeter.com,Male
Barton,bmizzenng@wikia.com,Genderqueer
Orv,oreenh@instagram.com,Male
Chelsae,ctrainorni@gizmodo.com,Female
Elna,elangdalenj@histats.com,Female
Napoleon,nkeedynk@freewebs.com,Male
Rose,rhatherellnl@fastcompany.com,Agender
Clarice,ccressernm@tuttocitta.it,Female
Emmalee,emaynardnn@networksolutions.com,Female
Jeane,jgianninottino@yellowpages.com,Female
Miran,mcrushnp@bloglovin.com,Genderfluid
Ellary,ekinnernq@spiegel.de,Male
Halli,hmaxweellnr@desdev.cn,Female
Shepperd,sgulstonns@hexun.com,Male
Tab,twhitwellnt@furl.net,Male
Nollie,nnoldernu@blogspot.com,Female
Bella,bkindenv@ted.com,Female
Damien,dbrudenellnw@is.gd,Male
Read,rmargaritellinx@wisc.edu,Male
Em,espeedinny@paypal.com,Female
Bertrand,bplumernz@fema.gov,Male
Maurene,mpoutono0@histats.com,Female
Jone,jmelvino1@yolasite.com,Male
Redd,rforkano2@wikia.com,Male
Liliane,lsorsbieo3@nyu.edu,Female
Guenevere,ghambyo4@rakuten.co.jp,Female
Flin,fllewelleno5@discuz.net,Male
Cori,charnotto6@cisco.com,Female
Wilbur,wbaptistao7@google.com,Agender
Ellyn,eelvidgeo8@edublogs.org,Female
Gusty,gbroadberryo9@canalblog.com,Female
Thaine,tpaxmanoa@squarespace.com,Male
Nathan,nfelceob@people.com.cn,Male
Gonzalo,gleucharsoc@google.co.jp,Male
Bard,bmacteagueod@unicef.org,Male
Abdul,awilfingeroe@weebly.com,Male
Joey,jrungeof@paypal.com,Male
Steffi,seddowog@dailymotion.com,Female
Glyn,gsouthwoodoh@omniture.com,Male
Meghan,mdootsonoi@arizona.edu,Female
Verile,vcelloneoj@economist.com,Female
Chancey,cmaddisonok@cargocollective.com,Male
Palm,pclemettsol@reddit.com,Male
Corabelle,cmaddockom@slate.com,Female
Clementina,cdaulbyon@unesco.org,Female
Andreana,askipseaoo@over-blog.com,Female
Jakie,jruslingeop@gov.uk,Male
Kurt,kclasheoq@marketwatch.com,Male
Horatius,hbartelsellisor@mayoclinic.com,Male
Harwell,hpicos@miibeian.gov.cn,Male
Benji,bpollyot@chicagotribune.com,Genderfluid
Lindsay,lhalburtonou@blogs.com,Genderfluid
Eachelle,estealeyov@ibm.com,Bigender
Terence,tjiriow@wiley.com,Male
Ardys,ajervoisox@marriott.com,Female
Valina,vaizkovitchoy@blogs.com,Female
Elwin,epotteoz@whitehouse.gov,Male
Benedicta,bleopardp0@imgur.com,Female
Rosabel,rjirzikp1@wiley.com,Female
Bruis,bbrittop2@wunderground.com,Male
Homer,htartep3@jalbum.net,Male
Byrom,bbookerp4@networksolutions.com,Male
Vladimir,vouldp5@opera.com,Male
Iolanthe,icalterap6@sun.com,Female
Lou,ldeehanp7@myspace.com,Male
Gordan,gcurpheyp8@goodreads.com,Male
Leroi,limlochp9@addthis.com,Male
Jerome,jcolthurstpa@unblog.fr,Male
Novelia,nlefeaverpb@free.fr,Female
Jerad,jmammattpc@hibu.com,Male
Sinclare,sklinepd@ifeng.com,Male
Cesar,cahernpe@cisco.com,Male
Gayla,gbeddopf@lulu.com,Female
Boyd,bnehlspg@diigo.com,Male
Reider,rtopesph@home.pl,Male
Tally,tstabbinspi@issuu.com,Male
Osmond,omacaripj@nps.gov,Male
Maryrose,mdungatepk@marketwatch.com,Female
Alexi,abordessapl@t-online.de,Female
Lanie,lpirduepm@goo.gl,Male
Johannes,jmccombepn@accuweather.com,Male
Maudie,mmctrustypo@netvibes.com,Female
Joana,jcopinspp@wisc.edu,Female
Tera,tstorckpq@tmall.com,Female
Vinni,vriddickpr@ebay.com,Female
Mariele,mcamolettops@nih.gov,Female
Eulalie,epengellypt@google.nl,Female
Brunhilde,bfugepu@surveymonkey.com,Female
Marrilee,mjervoispv@thetimes.co.uk,Female
Gasper,gsandompw@t.co,Male
Cora,caccombepx@i2i.jp,Female
Romona,rcanelaspy@opera.com,Female
Adelind,alassenpz@cdc.gov,Female
Nicolai,nprobbingsq0@parallels.com,Male
Federico,freynerq1@google.com.hk,Male
Edin,eetheridgeq2@cargocollective.com,Female
Daveta,dcameliaq3@oracle.com,Female
Ferrell,fseadonq4@vk.com,Male
Verge,vbagehotq5@jugem.jp,Male
Saundra,sfiddlerq6@va.gov,Male
Ashia,amccrackanq7@hostgator.com,Female
Wernher,wcooksonq8@boston.com,Male
Ozzy,oporcherq9@amazon.com,Male
Carlotta,cfidilisqa@woothemes.com,Polygender
Nate,nhartwrightqb@geocities.com,Male
Bat,bmcramseyqc@irs.gov,Male
Deck,dbettlesqd@eventbrite.com,Male
Hercule,htantumqe@tripadvisor.com,Male
Wheeler,wchaudronqf@spiegel.de,Male
Cami,ccarlyonqg@ibm.com,Female
Steve,slebbonqh@shareasale.com,Male
Tabb,tvaterqi@canalblog.com,Male
Eada,emcilmurrayqj@wordpress.org,Female
Caddric,csindenqk@wix.com,Male
Steffi,sjeffreeql@fotki.com,Polygender
Danica,dsyalvesterqm@posterous.com,Female
Wally,wsteinhamqn@tinypic.com,Male
Una,ufrancisqo@theglobeandmail.com,Female
Hewie,henstoneqp@is.gd,Male
Emmaline,esouleqq@a8.net,Female
Ewell,eeykelhofqr@time.com,Male
Enid,ekovnotqs@disqus.com,Female
Nancee,nharmourqt@nationalgeographic.com,Female
Bathsheba,bpetkenqu@nhs.uk,Female
Herbert,hsimonninqv@springer.com,Male
Tyrus,trallingqw@topsy.com,Male
Jaymee,jbiddulphqx@cafepress.com,Female
Free,fdingwallqy@ameblo.jp,Non-binary
Rodina,rkubesqz@indiegogo.com,Female
Ella,eespaderor0@slashdot.org,Female
Kirstin,kbartolomieur1@wikia.com,Female
Allegra,agarkenr2@instagram.com,Female
Ara,amadnerr3@yale.edu,Female
Emmalee,esimmersr4@g.co,Female
Benn,bdochonr5@epa.gov,Male
Arlene,aebbettr6@oakley.com,Female
Lemuel,lleybandr7@wiley.com,Male
Oliviero,ostiegerr8@netlog.com,Male
Melicent,mkettlestingr9@vkontakte.ru,Female
Marsh,mcecchira@elpais.com,Male
Petronille,pscotchmoorrb@utexas.edu,Non-binary
Concettina,cguichardrc@tuttocitta.it,Female
Iain,istollerrd@exblog.jp,Male
Torrance,tdrooganre@biblegateway.com,Male
Kaitlyn,kcomettirf@google.com.au,Female
Douglas,dsommerrg@smh.com.au,Male
Olga,odundonrh@deviantart.com,Female
Javier,jyeori@newsvine.com,Male
Giacopo,gzuannrj@themeforest.net,Male
Ariana,aeddsrk@bbc.co.uk,Female
Siobhan,smartinezrl@wsj.com,Female
Urbanus,ucuttelarrm@gravatar.com,Polygender
Bail,bmarvinrn@businesswire.com,Male
Annabal,atriplowro@google.nl,Female
Christopher,cpenhalurickrp@posterous.com,Male
Chick,cyukhninirq@thetimes.co.uk,Male
Wit,wkellogrr@photobucket.com,Male
