Seward,sgoodhew0@rediff.com,Male
Jacinda,jfranzonetti1@friendfeed.com,Female
Ginger,gerat2@taobao.com,Female
Melanie,mmccurtin3@google.ca,Female
Jelene,jbushaway4@hexun.com,Female
Nil,nmatiashvili5@go.com,Male
Haven,hrenfrew6@google.com.br,Male
Emmalyn,ebortoluzzi7@netscape.com,Female
Grady,gbould8@apple.com,Male
Markos,mandreev9@accuweather.com,Male
Berny,bsaunpera@freewebs.com,Non-binary
Thatcher,tlayeb@woothemes.com,Male
Rance,rvasilovc@eventbrite.com,Male
Merle,mformbyd@harvard.edu,Male
Trueman,thuccabye@washingtonpost.com,Male
Aluino,atoweyf@ifeng.com,Male
Beatrix,bflacknellg@noaa.gov,Female
Karrie,kdodgsonh@umich.edu,Female
Emmerich,edobrovskyi@yandex.ru,Male
Kayley,kbrennenj@slashdot.org,Female
Caron,clandsboroughk@reference.com,Female
Angil,agoodbyl@facebook.com,Female
Evvy,eroadsm@mapquest.com,Female
Andres,ahunnn@wp.com,Male
Alphard,acrudeno@umn.edu,Male
Aube,aogianyp@diigo.com,Male
Isaiah,ihabbenq@tmall.com,Male
Gaven,gdovestonr@qq.com,Male
Brew,bshelfords@prlog.org,Male
Esme,eburnst@flickr.com,Male
Maire,mbaughamu@cargocollective.com,Female
Brittney,bgotlingv@ning.com,Female
Igor,idormanw@hao123.com,Male
Zechariah,zstoitex@businessweek.com,Male
Rudyard,rthingy@behance.net,Male
Gunter,gtoquetz@ucoz.ru,Male
Maurizia,mbillsberry10@dmoz.org,Genderqueer
Freeland,fduval11@goodreads.com,Male
Josias,jlandis12@marketwatch.com,Male
Ilario,iweatherhill13@yahoo.com,Male
Benjamin,bwaren14@tumblr.com,Male
Chiarra,clethardy15@bluehost.com,Female
Juieta,jchevin16@gov.uk,Female
Ives,iblunkett17@twitpic.com,Male
Derek,drosgen18@symantec.com,Genderfluid
Lurleen,lscneider19@cpanel.net,Female
Florinda,ftyt1a@java.com,Female
Crysta,cmertgen1b@prnewswire.com,Female
Jessika,jbrandone1c@soundcloud.com,Female
Reese,rdew1d@senate.gov,Male
Darbie,dsvanetti1e@github.io,Female
Hamel,hempleton1f@linkedin.com,Male
Darsie,dtorald1g@dyndns.org,Female
Neal,nblakely1h@uiuc.edu,Male
Donavon,dneat1i@cbsnews.com,Male
Tanhya,tbrignell1j@addtoany.com,Female
Rainer,rshilton1k@guardian.co.uk,Non-binary
Melessa,mferrettini1l@cdc.gov,Female
Rhetta,rweatherley1m@ucoz.ru,Female
Sal,sdrover1n@tmall.com,Male
Lowe,lfurse1o@army.mil,Male
Parrnell,pfullager1p@latimes.com,Agender
Cher,cpybworth1q@networksolutions.com,Genderfluid
Angelique,amcphelimey1r@businessweek.com,Female
Moise,mdavidowsky1s@ox.ac.uk,Male
Bartholomeus,bbaggett1t@cyberchimps.com,Polygender
Laural,lkeningley1u@artisteer.com,Female
Trina,tvannini1v@simplemachines.org,Female
Tessy,trudloff1w@about.me,Female
Bettye,blosel1x@who.int,Female
Jerrilee,jkochl1y@4shared.com,Female
Aili,alaight1z@latimes.com,Female
Hoebart,hgethin20@rediff.com,Male
Carole,cpozer21@shinystat.com,Female
Gerta,ggolden22@shop-pro.jp,Female
Othilia,obinestead23@odnoklassniki.ru,Female
Tomaso,ttweedell24@slate.com,Male
Steffi,sbristowe25@themeforest.net,Polygender
Stanwood,sshapcott26@un.org,Male
Antonietta,asole27@java.com,Female
Daveen,dfarnorth28@wordpress.org,Female
Chas,cbarde29@w3.org,Male
Kalina,khanrahan2a@go.com,Female
Derron,dwork2b@japanpost.jp,Male
Chrysa,cspread2c@pagesperso-orange.fr,Female
Marthena,mrobertz2d@bbc.co.uk,Genderqueer
Elton,ebartlam2e@apache.org,Male
Egan,enoads2f@discuz.net,Male
Stefa,sducrow2g@umich.edu,Female
Mari,moakwell2h@nymag.com,Female
Steffie,svanetti2i@altervista.org,Female
Jermaine,jdodamead2j@tripod.com,Female
Hallsy,hdmitrichenko2k@a8.net,Male
Queenie,qscurr2l@reddit.com,Female
Minor,mammer2m@comsenz.com,Male
Jamie,jbigadike2n@1und1.de,Male
Brit,bcessford2o@gmpg.org,Female
Allayne,achanter2p@nba.com,Male
Woody,wcavanagh2q@opensource.org,Male
Jeniffer,jrubinsky2r@studiopress.com,Female
Bentlee,bterran2s@cargocollective.com,Genderfluid
Moselle,mfooks2t@google.it,Female
Melli,mneat2u@friendfeed.com,Female
Ossie,oscole2v@army.mil,Male
Shelia,scoppard2w@dropbox.com,Female
Roddy,rreijmers2x@prnewswire.com,Male
Dallon,dmuck2y@hc360.com,Male
Janean,jthieme2z@tinypic.com,Agender
Jo-ann,jpridie30@uol.com.br,Female
Virgilio,vmossom31@networksolutions.com,Male
Corilla,clefley32@webs.com,Female
Molli,msprigings33@tumblr.com,Female
Jacob,jdonnan34@gov.uk,Male
Jordanna,jguiot35@ezinearticles.com,Female
Lauritz,llindwall36@nytimes.com,Male
Galvin,gchallice37@wikipedia.org,Male
Alyse,acammoile38@nifty.com,Female
Haily,hwaterfall39@jugem.jp,Male
Whitaker,wrohloff3a@yelp.com,Male
Abeu,agillino3b@xing.com,Male
Peadar,pmoland3c@shop-pro.jp,Male
Marilee,mfrankling3d@ask.com,Female
Patricio,pniemetz3e@si.edu,Male
Zack,ztattersall3f@jiathis.com,Male
Germana,gradley3g@symantec.com,Bigender
Gustaf,geverson3h@instagram.com,Male
Travis,tormshaw3i@usnews.com,Male
Caritta,colivera3j@blog.com,Female
Patty,peliaz3k@bandcamp.com,Female
Charles,cankers3l@google.ru,Male
Sloan,smoggle3m@army.mil,Male
Filip,fseddon3n@jugem.jp,Male
Glenn,gdodshun3o@soup.io,Genderqueer
Elwyn,eharnett3p@squidoo.com,Male
Rodrique,ryelland3q@opensource.org,Polygender
Regina,rpottery3r@4shared.com,Female
Alanson,avonhindenburg3s@bluehost.com,Male
Brittaney,bmccaughey3t@odnoklassniki.ru,Female
Cecilio,ccaplen3u@tiny.cc,Male
Benny,bgrooby3v@unblog.fr,Male
Egon,erivallant3w@phpbb.com,Male
Douglass,dbeddon3x@gravatar.com,Male
Devlen,dcuerdale3y@patch.com,Male
Marysa,mflinders3z@youtu.be,Female
Hale,hdufall40@upenn.edu,Male
Lamont,lferriby41@va.gov,Male
Emlynne,edykes42@netvibes.com,Female
Jorgan,jcloake43@nationalgeographic.com,Male
Clea,caickin44@weebly.com,Female
Faythe,fhinners45@vkontakte.ru,Female
Joelly,jgartin46@imageshack.us,Female
Lindie,ldewerk47@alexa.com,Female
Jase,jwoodham48@4shared.com,Male
Ernest,eleigh49@soup.io,Male
Alard,ajaffra4a@github.io,Male
Theressa,tpiatek4b@gnu.org,Female
Atlante,adavydzenko4c@thetimes.co.uk,Female
Betta,bmabbett4d@issuu.com,Female
Boote,bantyshev4e@surveymonkey.com,Male
Vannie,vreeve4f@wikispaces.com,Female
Yolane,ychamney4g@tinyurl.com,Female
Crysta,chodinton4h@mysql.com,Female
Uriel,uokie4i@google.com.au,Male
Marion,mrazzell4j@meetup.com,Agender
Jarid,jblincoe4k@foxnews.com,Male
Laurianne,lpagelsen4l@hud.gov,Female
Gallard,ghowitt4m@dropbox.com,Male
Agatha,apeer4n@dmoz.org,Female
Fara,fjoyce4o@usa.gov,Female
Minni,mvowels4p@canalblog.com,Female
Tera,tclelle4q@jalbum.net,Female
Alexandra,abirkhead4r@wufoo.com,Female
Lura,lcovelle4s@facebook.com,Female
Adolf,aportsmouth4t@reference.com,Male
Aeriell,aderell4u@army.mil,Female
Derk,dhauck4v@123-reg.co.uk,Male
Shelia,sdaddow4w@toplist.cz,Bigender
Grange,gsterricks4x@accuweather.com,Male
Adam,acrosby4y@addthis.com,Male
Natalie,nslessar4z@webmd.com,Agender
Kevan,kcarmichael50@cnn.com,Male
Wiley,wprinnett51@dailymail.co.uk,Male
Dacey,dgernier52@geocities.jp,Agender
Penni,pliddle53@acquirethisname.com,Female
Reiko,rparrin54@psu.edu,Female
Francoise,fsnadden55@noaa.gov,Female
Adolf,astrickler56@soundcloud.com,Male
Nolly,nadkin57@walmart.com,Male
Fabio,ftuttle58@uol.com.br,Male
Rubi,rrigden59@fc2.com,Female
Tate,tklimentov5a@stanford.edu,Polygender
Laurella,lbambury5b@noaa.gov,Female
Morty,mgruszka5c@dailymotion.com,Male
Gradeigh,gboutwell5d@huffingtonpost.com,Male
Marylinda,mmethringham5e@theatlantic.com,Female
Joelie,jphoenix5f@nbcnews.com,Female
Lizzy,lpitkethly5g@admin.ch,Female
Bard,bremer5h@prweb.com,Male
Shae,schrishop5i@weebly.com,Female
Valle,vwithrop5j@xrea.com,Male
Isadora,itheuss5k@ehow.com,Female
Cletis,cchell5l@symantec.com,Polygender
Tiffi,tfincham5m@goodreads.com,Female
Alexander,aheningham5n@ca.gov,Male
Mickie,milyushkin5o@blogspot.com,Male
Rory,rjiruch5p@rambler.ru,Male
Tracie,tpretious5q@google.com.au,Female
Briggs,bjanuaryst5r@go.com,Male
Brady,bhuscroft5s@aboutads.info,Male
Sarene,sjanota5t@gnu.org,Female
Lorrie,locanavan5u@woothemes.com,Male
Duffy,dproud5v@home.pl,Male
Oliy,oreville5w@yahoo.com,Female
Tab,tciccarelli5x@china.com.cn,Male
Magda,mslinn5y@biblegateway.com,Female
Vail,vtampin5z@creativecommons.org,Male
Siobhan,sgilffillan60@dmoz.org,Genderfluid
Anselma,asurfleet61@list-manage.com,Female
Gustaf,gollis62@patch.com,Male
Niles,nstanluck63@mapquest.com,Male
Ezequiel,epaulley64@constantcontact.com,Male
Rora,rsaladin65@studiopress.com,Female
Alf,arucklidge66@prnewswire.com,Male
Rhys,ryurukhin67@hibu.com,Male
Brooks,bfrancello68@so-net.ne.jp,Female
Smith,smcentegart69@blogger.com,Male
Hartley,hkeemar6a@wordpress.org,Male
Deerdre,dstrachan6b@so-net.ne.jp,Female
Linzy,lheymann6c@elpais.com,Female
Milicent,mmcvittie6d@sbwire.com,Female
Gray,galyokhin6e@intel.com,Female
Adolf,aleteve6f@businesswire.com,Male
Conchita,chorwell6g@exblog.jp,Female
Ronni,rkretschmer6h@adobe.com,Female
Kathryne,kgentsch6i@flickr.com,Female
Stanton,sbozward6j@lycos.com,Male
Audy,amcneely6k@java.com,Female
Ibby,igrabban6l@ted.com,Female
Marigold,mstevani6m@google.com.hk,Female
Pearl,pbick6n@epa.gov,Female
Anica,awishart6o@1688.com,Female
Cleveland,csabine6p@163.com,Male
Jakie,jstraneo6q@theatlantic.com,Male
Doe,dsturton6r@reference.com,Female
Lorry,lschoolcroft6s@chron.com,Male
Cam,ccavendish6t@woothemes.com,Female
Isidoro,ihoutbie6u@alexa.com,Male
Ebeneser,epetrillo6v@last.fm,Male
Ardelia,avalentino6w@purevolume.com,Female
Pammi,planghorn6x@cmu.edu,Female
Mick,mdoumerc6y@gov.uk,Male
Cherise,cellams6z@weibo.com,Female
Dorolice,dmichell70@columbia.edu,Female
Lavinie,lfader71@rakuten.co.jp,Female
Kathe,kseamarke72@discuz.net,Female
Hugh,hharrill73@drupal.org,Genderqueer
Jenna,jbirts74@uol.com.br,Female
Cirillo,cgrigorushkin75@smh.com.au,Male
Dov,dgoatcher76@java.com,Male
Mair,mrobelet77@cloudflare.com,Female
Hurlee,hbruty78@netvibes.com,Genderfluid
Israel,iladel79@tmall.com,Male
Victoria,valwen7a@de.vu,Female
Maddy,mdoll7b@webmd.com,Female
Atlanta,atrollope7c@nih.gov,Female
Willyt,wbartke7d@census.gov,Female
Annabela,abackler7e@godaddy.com,Female
Lara,lajean7f@ucoz.ru,Female
Christian,cclutheram7g@si.edu,Male
Holmes,hgaller7h@va.gov,Male
Ethelred,ecoultass7i@de.vu,Polygender
Jimmy,jparsisson7j@cocolog-nifty.com,Male
Lyndsey,ldunlop7k@apple.com,Female
Giustina,gvescovini7l@flickr.com,Female
Renee,rbulfoot7m@senate.gov,Female
Jase,jwilde7n@uiuc.edu,Male
Darsey,dlicas7o@qq.com,Female
Alameda,aphoenix7p@themeforest.net,Female
Alwin,aanstee7q@stanford.edu,Male
Candy,cdavydychev7r@blog.com,Female
Robby,rdawltrey7s@walmart.com,Female
Cyrill,cmartt7t@squarespace.com,Male
Rosmunda,rprestney7u@51.la,Female
Clemmy,ccutting7v@ehow.com,Polygender
Kerby,kpoulney7w@aboutads.info,Male
Brion,bslides7x@fema.gov,Polygender
Sammy,soene7y@meetup.com,Male
Calida,crivenzon7z@multiply.com,Female
Emma,epackman80@g.co,Female
Lamond,lrisely81@icq.com,Male
Kendrick,khogsden82@zimbio.com,Male
Bianca,breveley83@bbc.co.uk,Female
Ardenia,ayakobowitz84@histats.com,Female
Erika,elhommeau85@e-recht24.de,Female
Standford,sdockree86@nydailynews.com,Male
Vikki,vcoddington87@accuweather.com,Genderfluid
Bryn,bpuncher88@dailymotion.com,Female
Gretchen,gminnock89@facebook.com,Female
Elston,edalesco8a@seattletimes.com,Male
Michale,mdutteridge8b@issuu.com,Male
Lon,lfallow8c@fema.gov,Male
Dolley,dhuxham8d@ucoz.ru,Female
Charmane,cbouts8e@creativecommons.org,Female
Sancho,sosherrin8f@simplemachines.org,Male
Armand,amuzzi8g@reference.com,Male
Tressa,tsaurat8h@gravatar.com,Female
Cassandre,cedel8i@icq.com,Female
Avigdor,abrelsford8j@barnesandnoble.com,Male
Debora,dscaplehorn8k@paypal.com,Bigender
Aloin,aeveritt8l@acquirethisname.com,Non-binary
Henrieta,hantoszczyk8m@amazonaws.com,Female
Chevalier,cgypps8n@multiply.com,Male
Linc,lhudleston8o@usnews.com,Male
Cymbre,ctullot8p@altervista.org,Female
Jorrie,jhazleton8q@delicious.com,Female
Haley,hwilliment8r@army.mil,Female
Tania,tgudge8s@smh.com.au,Female
Townie,tmancer8t@economist.com,Male
Shanie,smogg8u@artisteer.com,Female
Celesta,cellerby8v@domainmarket.com,Female
Helen-elizabeth,hgrindall8w@xinhuanet.com,Female
Denna,dfitzroy8x@last.fm,Female
Lou,lwilshaw8y@amazon.com,Male
Clarinda,cwigley8z@patch.com,Female
Torrin,thasluck90@jimdo.com,Genderqueer
Bentlee,bacutt91@ox.ac.uk,Male
Nataline,npeatman92@pen.io,Female
Jarrad,jhenryson93@ted.com,Male
Othilia,obuxsey94@examiner.com,Female
Fenelia,fskipper95@scientificamerican.com,Non-binary
Bryant,bbrithman96@vkontakte.ru,Male
Cathe,cdoumer97@posterous.com,Female
Alphonse,aprendergast98@thetimes.co.uk,Male
Nappy,nnestle99@amazon.com,Male
Bartholomeus,blongson9a@dion.ne.jp,Male
Tisha,tackhurst9b@ask.com,Female
Winona,woliver9c@mediafire.com,Female
Mair,mtuke9d@macromedia.com,Female
Kata,kfryd9e@ameblo.jp,Female
Jody,jsabati9f@salon.com,Female
Ody,ovongrollmann9g@yandex.ru,Male
Juditha,jcheshire9h@umn.edu,Female
Frannie,fbeminster9i@slideshare.net,Female
Emmaline,eguitton9j@sourceforge.net,Female
Roderich,rkittredge9k@networkadvertising.org,Male
Annmarie,aspurrior9l@discovery.com,Polygender
Baillie,blabusquiere9m@so-net.ne.jp,Male
Joannes,jbogges9n@state.gov,Female
Von,vketcher9o@bravesites.com,Male
Kiel,kdayly9p@feedburner.com,Male
Helga,htheyer9q@icio.us,Female
Mercie,mfilby9r@goo.gl,Female
Olag,oiveans9s@dailymail.co.uk,Male
Shannen,sharradine9t@theguardian.com,Female
Heidi,hgiddens9u@360.cn,Female
Jayson,jmould9v@multiply.com,Male
Teddi,tadacot9w@cdbaby.com,Female
Lyssa,lboldison9x@globo.com,Female
Armand,abromehead9y@unblog.fr,Male
Anna-diane,amockes9z@cornell.edu,Female
Freida,fjorga0@joomla.org,Female
Thorndike,tmcfadzeana1@unicef.org,Genderqueer
Maxine,mtiltmana2@photobucket.com,Female
Catina,cpannera3@typepad.com,Genderfluid
Fonz,faffusoa4@latimes.com,Male
Nowell,nstenta5@cdbaby.com,Male
Bevin,bcowpa6@reddit.com,Non-binary
Friedrich,fgoulbourna7@rambler.ru,Male
Chrissy,calexsandrowicza8@ebay.co.uk,Male
Fanni,fwegenera9@dropbox.com,Non-binary
Allene,abladenaa@mayoclinic.com,Female
Wilfred,wkellickab@telegraph.co.uk,Male
Katharyn,klinebargerac@businessweek.com,Female
Boothe,bwhaphamad@bing.com,Male
Francis,fcurreenae@jalbum.net,Bigender
Allayne,atreendaf@goo.ne.jp,Male
Lucius,lambrosoniag@wikimedia.org,Male
Whittaker,wdeinhardah@cdbaby.com,Male
Marianna,mzuteai@ed.gov,Female
Shelley,sivantyevaj@google.com.br,Male
Mair,mrennerak@blogspot.com,Female
Rivalee,rbrunottial@mashable.com,Female
Karlis,kosanneam@topsy.com,Male
Vanya,vgepsonan@sohu.com,Female
Bail,bsweetzerao@nydailynews.com,Male
Regina,ranmoreap@apple.com,Female
Brook,bvandenhoffaq@amazon.de,Male
Isacco,idellitar@cisco.com,Male
Maudie,mgammettas@buzzfeed.com,Female
Ferguson,fkleiserat@reference.com,Male
Grier,ghenningtonau@fc2.com,Female
Jocko,jbondyav@microsoft.com,Male
Quinlan,qbillingsleyaw@smh.com.au,Male
Shane,sbirkenheadax@guardian.co.uk,Male
Hilary,hlongay@narod.ru,Male
Craggy,cscadaz@engadget.com,Polygender
Merissa,mwhylieb0@google.it,Female
Zulema,zguyersb1@xinhuanet.com,Female
Lock,ltweedlieb2@tuttocitta.it,Male
Jeanie,jtweedellb3@abc.net.au,Female
Lydon,lcasalib4@java.com,Male
Rhys,rtreskeb5@domainmarket.com,Genderqueer
Sunshine,sshemmingb6@cnbc.com,Female
Katrina,krallingsb7@icio.us,Female
Bartram,bcaselyb8@addthis.com,Male
Kissee,kkettellb9@cyberchimps.com,Female
Humfried,hharrissba@foxnews.com,Male
Freda,fgarmansbb@wiley.com,Female
Lee,lronaghanbc@hubpages.com,Agender
Martita,mstickfordbd@kickstarter.com,Female
Odette,ocathelbe@so-net.ne.jp,Female
Mickie,mtrusslerbf@simplemachines.org,Female
Boycie,bedwickbg@xrea.com,Male
Gabriello,ghewertsonbh@w3.org,Male
Othello,olushbi@1und1.de,Male
Lev,lcomussobj@etsy.com,Male
Letti,lcarnockbk@github.io,Female
Gayelord,gshahbl@theglobeandmail.com,Male
Dedra,dstopfordbm@census.gov,Female
Corena,csandersonbn@skyrock.com,Female
Dora,ddavidbo@webnode.com,Female
Aube,ajudsonbp@so-net.ne.jp,Male
Renell,rwycliffbq@statcounter.com,Female
Corrine,charbardbr@youtube.com,Female
Filmer,fprayerbs@blogtalkradio.com,Male
Sherline,sstoutherbt@prnewswire.com,Female
Annadiane,aabdiebu@tripod.com,Female
Padget,podobv@google.co.uk,Male
Sampson,skarlqvistbw@unicef.org,Male
Alyse,astledgerbx@cornell.edu,Non-binary
Clint,cbeelsby@flavors.me,Male
Marwin,mmoylesbz@economist.com,Male
Ricardo,rbadgerc0@washington.edu,Male
Burl,bswirec1@trellian.com,Male
Renato,rwannellc2@twitpic.com,Male
Patten,pattwoullc3@so-net.ne.jp,Male
Yolanthe,ydoretc4@blogspot.com,Female
Kacy,kllopc5@sciencedirect.com,Female
Stafani,saartsenc6@taobao.com,Female
Paton,pdietzlerc7@wunderground.com,Male
Dmitri,dwoliterc8@netvibes.com,Male
Tallie,tshanahanc9@google.co.jp,Male
Sondra,sdickinsca@eepurl.com,Female
Rafaelita,rlangeleycb@xinhuanet.com,Female
Katusha,kliddyardcc@cnet.com,Female
Vonny,vsabbatiercd@newyorker.com,Female
Karie,kchastanetce@ted.com,Female
Audra,aelstowcf@miitbeian.gov.cn,Female
Monique,mmorgencg@illinois.edu,Female
Donny,dmassinghamch@netscape.com,Male
Tamarra,tgrellierci@geocities.com,Female
Johann,jcaudwellcj@webmd.com,Male
Burg,bspreadck@yandex.ru,Male
Brantley,bkistingcl@deviantart.com,Male
Wylie,wtwidellcm@cocolog-nifty.com,Male
Ingemar,ivigerscn@macromedia.com,Male
Camile,cbirkenheadco@slashdot.org,Female
Pepe,ptiddycp@themeforest.net,Male
Clint,ckittoecq@boston.com,Male
Liva,lbluescr@ucla.edu,Female
Alaine,adeverecs@blogspot.com,Female
Elane,esickamorect@mashable.com,Female
Frayda,fdidballcu@home.pl,Female
Eddy,ecollingscv@biglobe.ne.jp,Female
Minette,mcampbelldunlopcw@mediafire.com,Female
Chandler,colubycx@surveymonkey.com,Male
Carroll,cadamollicy@xing.com,Male
Danie,dculletoncz@bravesites.com,Male
Keven,ktyried0@etsy.com,Male
Tadeo,trealyd1@globo.com,Male
Gerard,gbochd2@list-manage.com,Male
Jone,jnazarethd3@sphinn.com,Male
Tracee,tcolthurstd4@google.com,Female
Curran,cmosdilld5@tamu.edu,Male
Michel,mziemeckid6@dmoz.org,Female
Zabrina,zpaulettid7@t-online.de,Female
Teresina,tmccombed8@tmall.com,Female
Vale,vshellyd9@ifeng.com,Male
Bowie,bantonikda@hp.com,Agender
Eustace,etomkysdb@hibu.com,Male
Dedie,dcockneydc@toplist.cz,Genderfluid
Malinde,mrosiedd@biglobe.ne.jp,Female
Walton,wfullbrookde@google.co.uk,Male
Stefano,sboeckedf@ocn.ne.jp,Male
Hammad,hbernhardssondg@exblog.jp,Male
Miller,mpettittdh@hao123.com,Male
Kristopher,kcaisleydi@merriam-webster.com,Male
Pieter,pnevettdj@altervista.org,Male
Neils,ngodmerdk@dell.com,Male
Rhianna,rzielinskidl@163.com,Female
Stinky,strubshawedm@tamu.edu,Male
Christoffer,cjindracekdn@comsenz.com,Male
Kitti,keddisdo@hugedomains.com,Female
Byrann,bclipshamdp@reference.com,Male
Emlynne,eraouldq@yellowbook.com,Female
Jeffry,jbonnydr@home.pl,Non-binary
Cynthie,cseamansds@behance.net,Female
Leisha,lpercevaldt@ftc.gov,Female
Jemimah,jedmonstondu@people.com.cn,Female
Morly,mobruendv@nydailynews.com,Male
Lynnette,lsimladw@blogspot.com,Female
Nina,nsummersettdx@sciencedirect.com,Female
Galvin,gchampnessdy@yandex.ru,Male
Titus,tdobneydz@xing.com,Male
Sherrie,sgreenhoughe0@histats.com,Female
Jolie,jfairtloughe1@comsenz.com,Female
Welch,wocorhanee2@meetup.com,Male
Ernestus,epodse3@fastcompany.com,Non-binary
Toby,tmcaughtriee4@independent.co.uk,Female
Linell,lwinyarde5@java.com,Female
Carola,cborrise6@feedburner.com,Female
Lurlene,lcinellie7@yahoo.co.jp,Bigender
Templeton,tsandsallane8@prlog.org,Male
Wilie,wkibbele9@networkadvertising.org,Female
Orland,oghentea@hibu.com,Male
Berty,bdartheb@census.gov,Female
Amil,aakessec@princeton.edu,Female
Brock,bcardnelled@howstuffworks.com,Male
Levy,lmcgiffieee@deliciousdays.com,Male
Nedda,nmcfeeef@wsj.com,Female
Fleur,fphilipardeg@sakura.ne.jp,Female
Jehanna,jternaulteh@aol.com,Female
Dar,dblastockei@tripod.com,Male
Daisi,dskitterelej@baidu.com,Female
Hollis,hfurslandek@reuters.com,Male
Amandi,awaplesel@sina.com.cn,Female
Pauli,pdunsmoreem@jiathis.com,Female
Chandler,cdibleen@ycombinator.com,Male
Reinwald,rmcclaurieeo@vinaora.com,Male
Lorilyn,lwishartep@themeforest.net,Female
Corrina,cselesnickeq@example.com,Female
Zebedee,zdavidovicier@surveymonkey.com,Male
Arte,aduesburyes@businessweek.com,Male
Winni,wwhettonet@topsy.com,Polygender
Lana,lfrancinoeu@nih.gov,Female
Leela,labbessev@liveinternet.ru,Female
Pietrek,pbendleyew@uol.com.br,Agender
Farly,fmatresseex@symantec.com,Male
Basil,bdunkleyey@wikipedia.org,Male
Joana,jkibbeez@abc.net.au,Female
Moina,mkensettf0@icq.com,Female
Chiquia,cenderlef1@youtu.be,Female
Kristopher,kmellowsf2@de.vu,Male
Araldo,abrownef3@newyorker.com,Male
Ailyn,abathf4@unesco.org,Female
Constantine,cbraunlef5@diigo.com,Female
Perkin,pshelmerdinef6@amazon.com,Male
Fabiano,fhoovartf7@elpais.com,Male
Onfroi,owordsworthf8@army.mil,Male
Christa,cwhittallf9@intel.com,Female
Marketa,mgilardonifa@jiathis.com,Female
Katharine,kfitzharrisfb@nyu.edu,Female
Darius,dbagbyfc@tiny.cc,Male
Jenna,jwoolamfd@scribd.com,Female
Wade,whaynefe@wordpress.com,Male
Dirk,dkrolff@apple.com,Male
Lowe,lduffettfg@phoca.cz,Male
Kris,kkerrichfh@netvibes.com,Female
Jethro,jdowngatefi@blogtalkradio.com,Male
Jarrad,jgibbiefj@vistaprint.com,Male
Britni,bdorgonfk@buzzfeed.com,Female
Jocelin,jpurkinsfl@desdev.cn,Female
Glenn,ghalidayfm@so-net.ne.jp,Female
Margie,mbleuefn@xrea.com,Female
Tommy,tbabberfo@seattletimes.com,Male
Lyndsey,lkenrackfp@nytimes.com,Female
Garrek,gnapolitanofq@umn.edu,Male
Georgy,gtregienfr@uiuc.edu,Male
Andy,acarlessfs@sfgate.com,Male
Maia,mbiaggionift@xing.com,Female
Ham,htunniclissefu@nps.gov,Polygender
Chan,cthorbyfv@china.com.cn,Male
Hinda,hyerburyfw@chicagotribune.com,Female
Cliff,cjentonfx@alexa.com,Male
Bertrand,blinsteadfy@businessinsider.com,Male
Curry,cvasyuninfz@qq.com,Male
Shelby,sbuncomg0@hostgator.com,Female
Zachery,zsimkag1@google.co.uk,Male
Berni,bwaudg2@mayoclinic.com,Female
Sharity,sosgarbyg3@friendfeed.com,Female
Claude,cpankhurstg4@list-manage.com,Female
Nelson,npierseg5@histats.com,Male
Georgi,groizing6@theatlantic.com,Male
Addy,alingg7@nytimes.com,Male
Grant,gjerdang8@alibaba.com,Male
Waverley,wcrawleyg9@pcworld.com,Male
Carmella,ccavega@storify.com,Non-binary
Melisa,mabsolongb@reddit.com,Female
Janel,jmerrifieldgc@webnode.com,Female
Doria,dwildbloodgd@cdbaby.com,Agender
Roderich,rrosinige@yellowbook.com,Male
Korrie,kdownegf@netlog.com,Female
Templeton,tricciardigg@google.com.hk,Male
Regan,raldrengh@hubpages.com,Male
Bowie,bsterrickergi@google.ca,Male
Trip,ttimmesgj@histats.com,Male
Ana,akestertongk@bbc.co.uk,Female
Louisette,lvakhrushevgl@slashdot.org,Female
Lucine,lglanceygm@networkadvertising.org,Female
Cyndie,cwhitmoregn@wunderground.com,Female
Tedmund,tstroudgo@independent.co.uk,Male
Babbette,bloudengp@photobucket.com,Female
Brittan,begergq@desdev.cn,Female
Armando,aminchingr@hc360.com,Male
Humphrey,hworsnapgs@ezinearticles.com,Male
Bernadette,bmurtongt@theatlantic.com,Female
Normie,nsilversmidgu@engadget.com,Male
Sherwin,scawdrongv@independent.co.uk,Male
Lorne,lwolseygw@cbc.ca,Female
Patrick,pebbettgx@behance.net,Male
Alfie,aridleygy@over-blog.com,Male
Shaylah,scribbingz@newyorker.com,Female
Daffi,dthunnerclefh0@yellowbook.com,Non-binary
Arlin,agillinoh1@slideshare.net,Male
Dorice,dclendennenh2@geocities.jp,Female
Griselda,groderickh3@sakura.ne.jp,Female
Matteo,mprinneh4@baidu.com,Genderqueer
Roxie,rcortonh5@reference.com,Female
Cordey,cdabellh6@army.mil,Female
Stern,sleiversh7@vkontakte.ru,Male
Merl,msugdenh8@sphinn.com,Female
Lisbeth,lbeasanth9@paginegialle.it,Female
Lannie,lelderha@sohu.com,Polygender
Kath,khearmonhb@t.co,Female
Franchot,fhaydockhc@feedburner.com,Agender
Edgar,esyversenhd@home.pl,Male
Dora,dstarthe@google.co.uk,Female
Jocelyne,jwornumhf@sbwire.com,Female
Dominick,dklaggehg@merriam-webster.com,Male
Ella,etomaellohh@nature.com,Female
Jammal,jbulmerhi@shop-pro.jp,Male
Sophronia,srobisonhj@marriott.com,Female
Jodee,jcoweyhk@ning.com,Female
Quentin,qbaudehl@virginia.edu,Female
Georgeta,gcawtehm@ebay.com,Female
Andres,adoldonhn@weibo.com,Male
Lotta,lhartshorneho@nps.gov,Female
Jamison,jtureshp@newyorker.com,Male
Lucius,lwetwoodhq@wikimedia.org,Male
Teodorico,tmenzieshr@salon.com,Male
Thurston,tpatienths@bbb.org,Male
Brittani,bsnareht@harvard.edu,Genderqueer
Damien,ddanshinhu@com.com,Male
Dav,dwichardhv@stanford.edu,Male
Ambrosius,aloftinghw@si.edu,Male
Sloan,ssymingtonhx@indiegogo.com,Male
Edmon,emerchanthy@i2i.jp,Male
Lilyan,lsherhz@nhs.uk,Female
Gerard,grosengarteni0@nationalgeographic.com,Male
Chloe,cgrabbami1@newsvine.com,Female
Zita,zstychei2@ucoz.com,Female
Cacilia,chegartyi3@trellian.com,Female
Leta,landrosiki4@un.org,Female
Zacherie,ztomsai5@dmoz.org,Male
Chance,cmakiveri6@indiegogo.com,Male
Fiann,fthursbyi7@psu.edu,Female
Robby,rgabboti8@un.org,Female
Harp,hperotti9@bbb.org,Male
Farlie,fveneuria@is.gd,Male
Kerwin,kdurbynib@newsvine.com,Male
Dominic,dshyreic@businessweek.com,Male
Kennie,kbrynsid@youku.com,Genderfluid
Belita,bstannusie@cornell.edu,Female
Nahum,nputnamif@amazonaws.com,Male
Gayle,gtaffleyig@phpbb.com,Male
Roddy,rsigertih@aol.com,Male
Tulley,troussellii@nih.gov,Male
Belvia,bworksij@a8.net,Bigender
Morissa,mpetrusik@theguardian.com,Female
Bartholomeo,bstainsonil@blinklist.com,Male
Darnell,dhuskissonim@about.me,Male
Trina,tfirmagerin@over-blog.com,Polygender
Katey,khaydonio@pen.io,Female
Aila,amulranip@apple.com,Female
Ashlen,ajeanesiq@omniture.com,Female
Ginny,gtibaltir@businessweek.com,Female
Worthington,wpiesingis@rakuten.co.jp,Male
Kipp,kfeathersit@yahoo.com,Male
Reginauld,rroadsiu@bbb.org,Male
Cora,ctarbattiv@thetimes.co.uk,Female
Lyell,loffieldiw@a8.net,Male
Noell,nblaisdellix@photobucket.com,Female
Edie,eneumanniy@opensource.org,Female
Giacobo,gmathweniz@businessweek.com,Male
Beulah,blewinj0@hp.com,Female
Kendall,kheepsj1@comcast.net,Male
Hardy,hmatressej2@ox.ac.uk,Genderfluid
Chlo,ccotteyj3@arstechnica.com,Female
Lincoln,lbritlandj4@imageshack.us,Male
Wheeler,wjewelj5@epa.gov,Male
Gunther,gdumbletonj6@businessinsider.com,Male
Siward,sstothertj7@tripod.com,Male
Anna-diane,ajuszczykj8@reddit.com,Female
Halette,hfibbensj9@ycombinator.com,Female
Eldon,eshouteja@mapquest.com,Male
Merrie,mkareljb@lulu.com,Female
Melisa,mletevejc@sitemeter.com,Female
Kaspar,kweerdenburgjd@theguardian.com,Male
Sheena,sbutnerje@phoca.cz,Female
Caresse,ctattersilljf@aboutads.info,Female
Dallas,dcomijg@ox.ac.uk,Male
Fran,fbettisonjh@thetimes.co.uk,Genderfluid
Leighton,lmerrigansji@networkadvertising.org,Male
Antonina,ablaslijj@harvard.edu,Female
Silvio,sjakoubjk@theatlantic.com,Non-binary
Valentine,vkingsfordjl@taobao.com,Male
Lauren,lmurrockjm@ustream.tv,Male
Lacie,lmumfordjn@vinaora.com,Female
Tamma,ttatumjo@mozilla.com,Female
Dru,daistonjp@about.me,Agender
Goldia,gpoveyjq@shutterfly.com,Female
Tracey,tgylesjr@parallels.com,Male
Quincey,qpinchingjs@gnu.org,Male
Drew,dchartresjt@scientificamerican.com,Male
Pierre,paskinju@multiply.com,Male
Hillyer,hkasbyejv@about.me,Male
Gawen,gidwalevansjw@tinypic.com,Male
Ambros,adalgarnojx@admin.ch,Male
Thayne,tuppettjy@biglobe.ne.jp,Male
Letty,lkettlesjz@dailymail.co.uk,Female
Den,dgirauxk0@deliciousdays.com,Male
Frankie,fbuckellk1@umn.edu,Bigender
Karrie,kvaadelandk2@symantec.com,Female
Parsifal,pdearesk3@netscape.com,Male
Margarete,mscotsonk4@4shared.com,Female
Merilee,mbansalk5@marriott.com,Female
Sergio,sdimitriouk6@twitpic.com,Male
Nolana,nlagok7@yale.edu,Female
Griffy,glavalliek8@ycombinator.com,Male
Logan,lbaldackk9@ebay.com,Male
Ancell,agwilliamka@nps.gov,Male
Renate,rblythinkb@homestead.com,Female
Will,wgillowkc@tripadvisor.com,Male
Sean,sdubblekd@timesonline.co.uk,Male
Claude,cdebischofke@netvibes.com,Female
Lief,lgoodbarnekf@gizmodo.com,Male
Melisenda,mspringthorpkg@redcross.org,Female
Lusa,lphilipskh@state.tx.us,Female
Millie,mmelleyki@ameblo.jp,Female
Sofia,sbarkworthkj@tripadvisor.com,Female
Leora,ladelmankk@aboutads.info,Female
Fran,fneilandskl@buzzfeed.com,Female
Ola,omccasterkm@unc.edu,Female
Rodrigo,rsalmonkn@domainmarket.com,Male
Doreen,dropeko@mayoclinic.com,Agender
Bartolemo,blicciardikp@latimes.com,Male
Nance,nconstablekq@ask.com,Female
Marylin,mbartosinskikr@ftc.gov,Female
Bridie,bhemsteadks@va.gov,Female
Halette,hbeeckxkt@state.tx.us,Female
Vannie,vstolleku@booking.com,Female
Ivy,icraykkv@webs.com,Female
Analiese,amoggiekw@amazon.com,Female
Bar,baikinkx@huffingtonpost.com,Male
Carson,cbarkworthky@forbes.com,Male
Consuelo,cthewleskz@google.nl,Female
Max,mbreaganl0@behance.net,Male
Aubrey,abrownettl1@lulu.com,Female
Theo,trowlingsl2@boston.com,Male
Roxane,rgowardl3@delicious.com,Female
Ricky,rnewtonl4@gizmodo.com,Male
Horacio,hjankol5@china.com.cn,Male
Travis,tfranzonellol6@auda.org.au,Male
Pegeen,pchamleyl7@yellowbook.com,Female
Prent,pgoldsmithl8@mozilla.org,Male
Francisco,fcooneyl9@foxnews.com,Male
Henrie,hwestcotla@google.de,Female
Carling,cwrigglesworthlb@abc.net.au,Male
Roddie,ralsoplc@moonfruit.com,Male
Kenneth,kshepeardld@amazonaws.com,Genderfluid
Xymenes,xgallihaulkle@apple.com,Male
Corbet,cingleylf@archive.org,Male
Dilly,dlilburnelg@typepad.com,Male
Cobb,carnopplh@reverbnation.com,Polygender
Edee,emctaggartli@apple.com,Female
Tye,tcapperlj@ox.ac.uk,Male
Aurie,agirschlk@google.pl,Female
Roxane,redgertonll@mashable.com,Female
Merle,mterbruggelm@china.com.cn,Male
Velma,vdanbyeln@howstuffworks.com,Female
Rubie,rlethlaylo@craigslist.org,Female
Vivianne,vmortlp@devhub.com,Female
Tymothy,tstallardlq@springer.com,Male
Marrilee,msivillslr@rediff.com,Female
Emmalyn,egwinnells@pbs.org,Female
Rosabel,rpirdylt@fastcompany.com,Female
Sven,sdrachelu@icq.com,Male
Maddy,mblucherlv@twitter.com,Female
Court,callchornelw@mail.ru,Male
Kiel,klysterlx@intel.com,Male
Emili,eodamly@whitehouse.gov,Female
Katrina,kdergeslz@huffingtonpost.com,Female
Allissa,astathamm0@bravesites.com,Female
Xylina,xspurrettm1@themeforest.net,Bigender
Veronica,vjimem2@businesswire.com,Female
Franklyn,faronsonm3@ask.com,Bigender
Dedra,dortegam4@webmd.com,Bigender
Kale,kdelepinem5@1688.com,Male
Amos,amulderm6@prweb.com,Male
Albina,atalem7@wix.com,Female
Kimberley,kbrooksonm8@bloomberg.com,Female
Elysha,emarlingm9@tuttocitta.it,Female
Elisabetta,efelderma@usda.gov,Female
Loraine,lpackmanmb@msu.edu,Female
Otho,ochoffinmc@salon.com,Male
Gualterio,gstreetfieldmd@seattletimes.com,Non-binary
Goldia,gjoiceme@addtoany.com,Female
Faulkner,ffarnhammf@nyu.edu,Male
Ginger,gsuttlingmg@marketwatch.com,Male
Marcello,mhankeymh@theguardian.com,Male
North,ntoweymi@mit.edu,Male
Curry,cpoppingmj@shareasale.com,Male
Regine,rseemk@icq.com,Female
Melonie,mwincklesml@tinypic.com,Female
Madonna,mverheijdenmm@phpbb.com,Female
Janifer,jbowskillmn@businessinsider.com,Female
Griselda,gnorgatemo@nih.gov,Female
Rudyard,rtaylersonmp@japanpost.jp,Polygender
Fons,fmaskillmq@usgs.gov,Male
Konstantine,kmatisoffmr@slideshare.net,Male
Say,slivensms@ning.com,Male
Lindsey,lstaubynmt@blogger.com,Female
Raina,rduriemu@furl.net,Female
Amalee,alaiblemv@ox.ac.uk,Female
Lucio,lackermannmw@surveymonkey.com,Male
Normy,nmularkeymx@irs.gov,Genderqueer
Lanita,lgianninottimy@marriott.com,Female
Reese,rarendtmz@who.int,Male
Carlin,cogbornn0@geocities.jp,Male
Alexa,abenboughn1@joomla.org,Female
Elane,efearnilln2@bloglines.com,Non-binary
Ddene,dcolthurstn3@scientificamerican.com,Female
Jessamine,jpitrollon4@unc.edu,Female
Colette,cstickingsn5@newyorker.com,Female
Domenico,dvenardn6@foxnews.com,Male
Hector,hdunkleyn7@sun.com,Male
Donny,dklemensiewiczn8@google.ru,Polygender
Hendrick,hgorin9@google.com,Male
Bella,btibblesna@wiley.com,Female
Brenn,brannellsnb@blogtalkradio.com,Female
Sabina,sdonenc@mapquest.com,Female
Alair,aguysnd@shutterfly.com,Male
Paloma,polivetone@who.int,Female
Paco,pdesseinenf@hibu.com,Male
Cooper,cbrandolining@narod.ru,Male
Wendie,wsherbornenh@cloudflare.com,Female
Tatiana,tfullerni@mapy.cz,Female
Greggory,gdobellnj@wikipedia.org,Male
Patrick,pwyattnk@cam.ac.uk,Male
Bail,badrianellonl@vimeo.com,Male
Eada,eheednm@t.co,Female
Tiertza,tloughannn@opera.com,Female
Ofelia,oegeno@google.com.br,Female
Roma,rdownenp@pcworld.com,Male
Antonius,aolunneynq@ucsd.edu,Male
Karoline,kandriulisnr@unesco.org,Genderfluid
Florina,fmelsomens@utexas.edu,Female
Barny,bmurfordnt@imageshack.us,Male
Aidan,amailesnu@dmoz.org,Female
Hobie,hlaintonnv@house.gov,Polygender
Sarena,sfirminnw@ameblo.jp,Female
Murdoch,mmarplesnx@nsw.gov.au,Male
Thorvald,tnellisny@google.nl,Male
Kristin,kmcnirlannz@usatoday.com,Female
Thomas,twarsapo0@berkeley.edu,Male
Spense,spennigaro1@hugedomains.com,Male
Catherine,ckingzetto2@independent.co.uk,Female
Darbee,dkienlo3@ebay.com,Male
Candace,cbotwoodo4@netvibes.com,Female
Robinet,raldiso5@studiopress.com,Non-binary
Jere,jbiernato6@simplemachines.org,Female
Graehme,gobroganeo7@google.com.br,Male
Rozanna,rpengelleyo8@skype.com,Female
Roana,rhartmanno9@flickr.com,Female
Ambrosi,aluggoa@e-recht24.de,Male
Karil,klamdenob@businessinsider.com,Female
Esme,efawcusoc@unc.edu,Female
Joycelin,jdutsonod@discovery.com,Female
Else,etretwelloe@state.tx.us,Female
Elvyn,edandof@boston.com,Male
Austen,acapponerog@de.vu,Male
Kort,kcasinioh@ycombinator.com,Agender
Guinna,gsmithermanoi@hao123.com,Female
Tony,tsammondsoj@opera.com,Female
Hunter,hjocicok@netscape.com,Male
Gertruda,gcamlinol@stumbleupon.com,Female
Welch,wnockellsom@tripadvisor.com,Male
Jarvis,jglasspooleon@ebay.com,Male
Hamilton,hpleadenoo@acquirethisname.com,Male
Pieter,ptinghillop@bandcamp.com,Male
Adrienne,arumgayoq@1und1.de,Female
Donella,dmcmeekanor@wiley.com,Female
Sheila,swoodburneos@accuweather.com,Female
Matthaeus,mbarcaot@shutterfly.com,Male
Wayland,wgooderridgeou@usda.gov,Male
Brendon,bmountcastleov@e-recht24.de,Male
Clint,cjurzykow@studiopress.com,Male
Marlee,mlowdwellox@virginia.edu,Female
Zechariah,zwhitehorneoy@soundcloud.com,Male
Paloma,pmateooz@abc.net.au,Female
Avery,aconibeerp0@abc.net.au,Male
Ellswerth,eglosterp1@unesco.org,Male
Cynthea,ctaffreyp2@aboutads.info,Female
Darryl,drosparsp3@huffingtonpost.com,Bigender
Janean,jsteggalsp4@google.co.jp,Female
Rebekah,rertp5@constantcontact.com,Female
Eldon,egoodrickp6@omniture.com,Male
Alis,atallboyp7@dmoz.org,Female
Auguste,aspittalp8@imdb.com,Female
Kendal,kdeverellp9@nbcnews.com,Male
Joey,jscottesmoorpa@slate.com,Male
Tamqrah,tsuermeierspb@hugedomains.com,Female
Marybelle,mbothwellpc@hao123.com,Female
Hugo,htoplispd@samsung.com,Male
Abbie,abenezepe@webnode.com,Female
Dexter,dheighopf@washingtonpost.com,Male
Staci,smorgenpg@amazon.com,Female
Jamaal,jspentonph@hibu.com,Male
Kizzie,kbenkinpi@ycombinator.com,Female
Torrin,tpeetpj@bing.com,Male
Jeremias,josmanpk@simplemachines.org,Male
Farris,fspottiswoodpl@oaic.gov.au,Male
Jacquelynn,jtampinpm@utexas.edu,Female
Wynnie,wleahairpn@intel.com,Bigender
Levi,lscholerpo@accuweather.com,Male
Ruttger,rdelahaypp@hao123.com,Male
Torin,tjekelpq@cafepress.com,Male
Caprice,cchrstinepr@cocolog-nifty.com,Female
Jaime,jmutterps@tmall.com,Female
Neysa,nmcrobbpt@redcross.org,Female
Gavin,gcandiepu@hexun.com,Male
Keelia,kpamplinpv@dion.ne.jp,Female
Eba,ebromepw@amazon.com,Female
Frederica,fgladwishpx@spotify.com,Female
Patsy,pgeydonpy@sakura.ne.jp,Female
Alick,aolivettapz@indiatimes.com,Male
Fifi,fgravestoneq0@nhs.uk,Female
Eleanor,epettendrichq1@gnu.org,Female
Mario,mcheerq2@usa.gov,Male
Barclay,bwheeltonq3@techcrunch.com,Male
Dalli,dalexanderq4@zdnet.com,Male
Dayle,ddarbyshireq5@pbs.org,Female
Heath,hdubbleq6@berkeley.edu,Female
Gabriell,goggersq7@nymag.com,Female
Johnny,jpesselq8@diigo.com,Male
Clayborne,ccolacoq9@mapquest.com,Male
Andriana,adominiqueqa@dot.gov,Female
Garald,gcirlosqb@nature.com,Male
Holt,hboydqc@uiuc.edu,Male
Christabel,cmellyqd@apple.com,Female
Beau,bmantqe@mapy.cz,Male
Almeria,alardierqf@buzzfeed.com,Female
Jordanna,jswannqg@nationalgeographic.com,Female
Myrah,mdenizetqh@eventbrite.com,Female
Caresse,cwetheredqi@comsenz.com,Genderqueer
Marieann,mcarlettoqj@un.org,Female
Ramonda,rrozalskiqk@deliciousdays.com,Female
Annadiana,adedrickql@nifty.com,Genderqueer
Isiahi,ibrittonqm@clickbank.net,Male
Sergei,svedstraqn@slashdot.org,Male
Van,vleballqo@umich.edu,Genderfluid
Joye,jjepensenqp@earthlink.net,Female
Josepha,jdaultonqq@phoca.cz,Female
Marielle,mfuncheonqr@drupal.org,Female
Clary,czahorqs@buzzfeed.com,Female
Cati,cvasilevichqt@163.com,Female
Alis,avinallqu@cbsnews.com,Non-binary
Clarence,cbirtwistleqv@upenn.edu,Male
Corabella,coakqw@dell.com,Female
Letty,lhamfleetqx@house.gov,Female
Angelita,aghostqy@sun.com,Female
Giffie,glennieqz@bluehost.com,Male
Bronny,bloudyanr0@mayoclinic.com,Male
Early,eludronr1@springer.com,Male
Trula,tmaxworthyr2@reverbnation.com,Non-binary
Sandye,sgandrichr3@slashdot.org,Non-binary
Levin,ldunkerlyr4@elpais.com,Male
Lexis,lmeriguetr5@t-online.de,Female
Stirling,sswendellr6@furl.net,Male
Sheffield,swardinglyr7@canalblog.com,Male
Philomena,pfowellsr8@deliciousdays.com,Female
Mitch,mjaquestr9@360.cn,Male
Rora,rcorwoodra@ehow.com,Female
Rolf,rwrightrb@wufoo.com,Male
Rancell,reichmannrc@liveinternet.ru,Male
Berni,blindenbaumrd@nifty.com,Female
Joelly,jstaitre@jigsy.com,Female
Dylan,dsetterthwaitrf@ameblo.jp,Male
Allin,abockmanrg@abc.net.au,Male
Jamal,jworviellrh@ow.ly,Male
Brok,bmasonri@deviantart.com,Male
Caresse,cdaenenrj@utexas.edu,Female
Braden,bmaccroaryrk@nbcnews.com,Male
Hamish,hkrimmerrl@ft.com,Male
Lorrayne,lspeersrm@goo.ne.jp,Female
Friederike,fsemoradrn@twitpic.com,Female
Byrom,backlandro@wisc.edu,Male
Manfred,mwiddicomberp@wikimedia.org,Male
Ceciley,cchealrq@gravatar.com,Female
Micaela,mmcfallrr@hubpages.com,Female
